"Date","Price","Open","High","Low","Vol.","Change %"
"Aug 02, 2019","8,004.07","8,056.42","8,068.80","7,953.67","584.30M","-1.32%"
"Aug 01, 2019","8,111.12","8,190.56","8,311.04","8,080.52","703.64M","-0.79%"
"Jul 31, 2019","8,175.42","8,290.80","8,299.83","8,110.02","758.73M","-1.19%"
"Jul 30, 2019","8,273.61","8,231.77","8,295.46","8,228.02","510.52M","-0.24%"
"Jul 29, 2019","8,293.33","8,325.10","8,325.28","8,247.37","511.48M","-0.44%"
"Jul 26, 2019","8,330.21","8,294.30","8,339.64","8,291.12","529.37M","1.11%"
"Jul 25, 2019","8,238.54","8,294.68","8,295.95","8,233.40","535.59M","-1.00%"
"Jul 24, 2019","8,321.50","8,227.36","8,321.81","8,226.50","528.51M","0.85%"
"Jul 23, 2019","8,251.40","8,242.50","8,251.83","8,193.89","474.75M","0.58%"
"Jul 22, 2019","8,204.14","8,171.99","8,218.42","8,171.54","491.48M","0.71%"
"Jul 19, 2019","8,146.49","8,241.34","8,245.78","8,144.63","520.02M","-0.74%"
"Jul 18, 2019","8,207.24","8,151.76","8,215.58","8,135.12","487.19M","0.27%"
"Jul 17, 2019","8,185.21","8,224.00","8,230.67","8,184.66","473.28M","-0.46%"
"Jul 16, 2019","8,222.80","8,251.66","8,259.75","8,204.23","473.99M","-0.43%"
"Jul 15, 2019","8,258.18","8,263.18","8,264.78","8,236.27","470.85M","0.17%"
"Jul 12, 2019","8,244.14","8,209.20","8,245.66","8,201.52","500.70M","0.59%"
"Jul 11, 2019","8,196.04","8,219.28","8,226.18","8,171.63","483.49M","-0.08%"
"Jul 10, 2019","8,202.53","8,183.19","8,228.60","8,160.56","508.18M","0.75%"
"Jul 09, 2019","8,141.73","8,061.41","8,146.98","8,061.32","468.36M","0.54%"
"Jul 08, 2019","8,098.38","8,112.91","8,112.91","8,078.39","511.73M","-0.78%"
"Jul 05, 2019","8,161.79","8,123.28","8,171.97","8,093.66","425.69M","-0.10%"
"Jul 03, 2019","8,170.23","8,129.57","8,170.23","8,122.34","408.20M","0.75%"
"Jul 02, 2019","8,109.09","8,086.65","8,109.37","8,063.10","488.38M","0.22%"
"Jul 01, 2019","8,091.16","8,145.85","8,150.45","8,059.29","583.42M","1.06%"
"Jun 28, 2019","8,006.24","7,988.76","8,010.15","7,961.46","1.76B","0.48%"
"Jun 27, 2019","7,967.76","7,939.36","7,976.58","7,935.47","523.93M","0.73%"
"Jun 26, 2019","7,909.97","7,933.93","7,974.28","7,903.07","537.92M","0.32%"
"Jun 25, 2019","7,884.72","8,005.27","8,007.31","7,879.15","547.78M","-1.51%"
"Jun 24, 2019","8,005.70","8,040.58","8,047.56","8,004.63","528.18M","-0.32%"
"Jun 21, 2019","8,031.71","8,028.69","8,073.02","8,011.20","1.20B","-0.24%"
"Jun 20, 2019","8,051.34","8,087.45","8,088.88","7,996.87","528.69M","0.80%"
"Jun 19, 2019","7,987.32","7,970.26","7,998.59","7,930.38","536.80M","0.42%"
"Jun 18, 2019","7,953.88","7,920.98","8,005.21","7,911.67","567.69M","1.39%"
"Jun 17, 2019","7,845.02","7,819.43","7,865.98","7,812.61","502.92M","0.62%"
"Jun 14, 2019","7,796.66","7,807.19","7,819.21","7,778.12","465.37M","-0.52%"
"Jun 13, 2019","7,837.13","7,822.56","7,848.36","7,813.60","460.87M","0.57%"
"Jun 12, 2019","7,792.72","7,803.13","7,819.16","7,773.97","481.74M","-0.38%"
"Jun 11, 2019","7,822.57","7,901.04","7,909.99","7,798.63","534.58M","-0.01%"
"Jun 10, 2019","7,823.17","7,798.87","7,895.44","7,795.76","522.20M","1.05%"
"Jun 07, 2019","7,742.10","7,652.97","7,767.02","7,647.91","516.84M","1.66%"
"Jun 06, 2019","7,615.55","7,582.24","7,634.12","7,546.22","542.41M","0.53%"
"Jun 05, 2019","7,575.48","7,585.68","7,589.47","7,498.17","537.32M","0.64%"
"Jun 04, 2019","7,527.12","7,413.94","7,529.50","7,385.02","619.53M","2.65%"
"Jun 03, 2019","7,333.02","7,441.22","7,457.66","7,292.22","658.41M","-1.61%"
"May 31, 2019","7,453.15","7,470.95","7,506.86","7,448.23","590.43M","-1.51%"
"May 30, 2019","7,567.72","7,565.46","7,595.90","7,527.66","454.61M","0.27%"
"May 29, 2019","7,547.31","7,553.02","7,581.11","7,503.94","579.48M","-0.79%"
"May 28, 2019","7,607.35","7,655.66","7,693.74","7,603.76","785.60M","-0.39%"
"May 24, 2019","7,637.01","7,675.57","7,694.15","7,631.25","422.81M","0.11%"
"May 23, 2019","7,628.28","7,660.72","7,665.15","7,585.32","597.20M","-1.58%"
"May 22, 2019","7,750.84","7,749.81","7,786.33","7,738.35","466.48M","-0.45%"
"May 21, 2019","7,785.72","7,765.57","7,804.44","7,752.92","500.28M","1.08%"
"May 20, 2019","7,702.38","7,714.06","7,747.27","7,678.35","551.65M","-1.46%"
"May 17, 2019","7,816.28","7,829.03","7,918.71","7,810.35","579.07M","-1.04%"
"May 16, 2019","7,898.05","7,832.58","7,946.23","7,826.67","532.35M","0.97%"
"May 15, 2019","7,822.15","7,682.80","7,838.72","7,682.24","503.47M","1.13%"
"May 14, 2019","7,734.49","7,689.66","7,776.20","7,665.30","525.13M","1.14%"
"May 13, 2019","7,647.02","7,720.07","7,760.83","7,627.23","650.13M","-3.41%"
"May 10, 2019","7,916.94","7,881.31","7,949.34","7,759.34","587.10M","0.08%"
"May 09, 2019","7,910.59","7,853.21","7,929.78","7,796.16","620.65M","-0.41%"
"May 08, 2019","7,943.32","7,946.24","8,004.49","7,923.35","558.26M","-0.26%"
"May 07, 2019","7,963.76","8,043.52","8,070.97","7,899.02","617.48M","-1.96%"
"May 06, 2019","8,123.29","7,981.85","8,135.54","7,981.85","518.37M","-0.50%"
"May 03, 2019","8,164.00","8,092.88","8,164.71","8,084.80","524.43M","1.58%"
"May 02, 2019","8,036.77","8,046.48","8,094.06","7,976.77","540.17M","-0.16%"
"May 01, 2019","8,049.64","8,132.93","8,146.00","8,048.23","578.26M","-0.57%"
"Apr 30, 2019","8,095.39","8,104.91","8,124.61","8,050.55","582.27M","-0.81%"
"Apr 29, 2019","8,161.85","8,147.65","8,176.08","8,136.41","446.01M","0.19%"
"Apr 26, 2019","8,146.40","8,100.28","8,146.42","8,060.89","504.72M","0.34%"
"Apr 25, 2019","8,118.68","8,150.85","8,151.85","8,075.41","534.96M","0.21%"
"Apr 24, 2019","8,102.02","8,122.88","8,139.55","8,101.70","506.59M","-0.23%"
"Apr 23, 2019","8,120.82","8,026.74","8,128.88","8,023.81","513.60M","1.32%"
"Apr 22, 2019","8,015.27","7,969.37","8,017.15","7,965.90","445.01M","0.22%"
"Apr 18, 2019","7,998.06","7,998.44","8,002.31","7,950.97","561.24M","0.02%"
"Apr 17, 2019","7,996.08","8,044.97","8,052.40","7,973.38","569.99M","-0.05%"
"Apr 16, 2019","8,000.23","8,000.57","8,017.56","7,978.81","504.80M","0.30%"
"Apr 15, 2019","7,976.01","7,987.16","7,993.33","7,933.56","439.60M","-0.10%"
"Apr 12, 2019","7,984.16","7,984.15","7,992.09","7,952.61","470.31M","0.46%"
"Apr 11, 2019","7,947.36","7,975.20","7,975.20","7,933.41","464.50M","-0.21%"
"Apr 10, 2019","7,964.24","7,922.73","7,965.33","7,916.90","500.46M","0.69%"
"Apr 09, 2019","7,909.28","7,924.77","7,945.55","7,897.61","492.39M","-0.56%"
"Apr 08, 2019","7,953.88","7,924.89","7,955.90","7,891.85","500.60M","0.19%"
"Apr 05, 2019","7,938.69","7,914.51","7,940.45","7,909.14","526.60M","0.59%"
"Apr 04, 2019","7,891.78","7,894.26","7,917.65","7,844.96","520.12M","-0.05%"
"Apr 03, 2019","7,895.55","7,891.18","7,938.26","7,870.90","618.18M","0.60%"
"Apr 02, 2019","7,848.69","7,824.61","7,854.92","7,811.28","516.21M","0.25%"
"Apr 01, 2019","7,828.91","7,800.24","7,831.45","7,777.10","533.38M","1.29%"
"Mar 29, 2019","7,729.32","7,726.71","7,733.62","7,688.51","654.73M","0.78%"
"Mar 28, 2019","7,669.17","7,660.07","7,689.16","7,619.82","481.24M","0.34%"
"Mar 27, 2019","7,643.38","7,702.05","7,712.84","7,582.09","553.67M","-0.63%"
"Mar 26, 2019","7,691.52","7,700.00","7,738.17","7,649.21","516.86M","0.71%"
"Mar 25, 2019","7,637.54","7,618.98","7,662.38","7,579.29","516.09M","-0.07%"
"Mar 22, 2019","7,642.67","7,800.25","7,817.83","7,642.57","622.74M","-2.50%"
"Mar 21, 2019","7,838.96","7,705.43","7,850.10","7,705.43","634.29M","1.42%"
"Mar 20, 2019","7,728.97","7,721.95","7,779.24","7,674.04","584.52M","0.06%"
"Mar 19, 2019","7,723.95","7,747.40","7,767.89","7,699.15","632.44M","0.12%"
"Mar 18, 2019","7,714.48","7,696.38","7,737.67","7,677.74","595.69M","0.34%"
"Mar 15, 2019","7,688.53","7,658.41","7,714.96","7,652.03","1.43B","0.76%"
"Mar 14, 2019","7,630.91","7,644.79","7,653.10","7,627.02","590.48M","-0.16%"
"Mar 13, 2019","7,643.40","7,621.38","7,677.07","7,619.46","619.49M","0.69%"
"Mar 12, 2019","7,591.03","7,571.85","7,611.13","7,560.46","543.48M","0.44%"
"Mar 11, 2019","7,558.06","7,442.56","7,558.23","7,442.40","557.76M","2.02%"
"Mar 08, 2019","7,408.14","7,334.35","7,411.52","7,332.92","559.33M","-0.18%"
"Mar 07, 2019","7,421.46","7,483.79","7,489.08","7,397.19","599.91M","-1.13%"
"Mar 06, 2019","7,505.92","7,575.38","7,579.02","7,499.87","558.83M","-0.93%"
"Mar 05, 2019","7,576.36","7,582.29","7,598.66","7,543.54","537.99M","-0.02%"
"Mar 04, 2019","7,577.57","7,636.62","7,643.66","7,501.56","643.15M","-0.23%"
"Mar 01, 2019","7,595.35","7,587.45","7,603.03","7,540.75","611.93M","0.83%"
"Feb 28, 2019","7,532.53","7,533.31","7,561.90","7,516.48","735.11M","-0.29%"
"Feb 27, 2019","7,554.51","7,526.42","7,562.30","7,485.39","584.52M","0.07%"
"Feb 26, 2019","7,549.30","7,535.29","7,573.22","7,524.31","597.66M","-0.07%"
"Feb 25, 2019","7,554.46","7,585.30","7,602.69","7,551.61","597.60M","0.36%"
"Feb 22, 2019","7,527.55","7,481.63","7,527.55","7,479.01","595.34M","0.91%"
"Feb 21, 2019","7,459.71","7,475.41","7,485.75","7,430.89","513.67M","-0.39%"
"Feb 20, 2019","7,489.07","7,490.31","7,513.70","7,455.25","548.58M","0.03%"
"Feb 19, 2019","7,486.77","7,450.75","7,507.79","7,450.27","524.36M","0.19%"
"Feb 15, 2019","7,472.41","7,468.57","7,477.28","7,440.26","606.68M","0.61%"
"Feb 14, 2019","7,426.95","7,390.25","7,454.42","7,375.71","529.29M","0.09%"
"Feb 13, 2019","7,420.38","7,437.46","7,461.66","7,413.84","503.43M","0.08%"
"Feb 12, 2019","7,414.62","7,358.85","7,419.43","7,349.81","515.00M","1.46%"
"Feb 11, 2019","7,307.90","7,327.37","7,343.56","7,290.03","480.65M","0.13%"
"Feb 08, 2019","7,298.20","7,232.30","7,299.44","7,225.14","514.65M","0.14%"
"Feb 07, 2019","7,288.35","7,316.50","7,336.74","7,235.05","568.69M","-1.18%"
"Feb 06, 2019","7,375.28","7,400.44","7,410.77","7,346.72","532.51M","-0.36%"
"Feb 05, 2019","7,402.08","7,356.34","7,408.69","7,355.36","551.12M","0.74%"
"Feb 04, 2019","7,347.54","7,266.28","7,348.23","7,261.07","498.43M","1.15%"
"Feb 01, 2019","7,263.87","7,256.37","7,299.94","7,243.41","639.92M","-0.25%"
"Jan 31, 2019","7,281.74","7,208.17","7,303.12","7,205.94","769.25M","1.37%"
"Jan 30, 2019","7,183.08","7,094.79","7,201.31","7,065.57","610.50M","2.20%"
"Jan 29, 2019","7,028.29","7,087.49","7,092.29","7,011.47","498.85M","-0.81%"
"Jan 28, 2019","7,085.69","7,075.01","7,086.30","7,034.25","582.85M","-1.10%"
"Jan 25, 2019","7,164.86","7,128.19","7,174.56","7,111.09","592.67M","1.29%"
"Jan 24, 2019","7,073.46","7,042.25","7,078.96","7,029.95","574.84M","0.68%"
"Jan 23, 2019","7,025.77","7,061.65","7,084.85","6,953.23","553.19M","0.08%"
"Jan 22, 2019","7,020.36","7,109.57","7,110.16","6,979.81","627.08M","-1.91%"
"Jan 18, 2019","7,157.23","7,134.10","7,185.38","7,096.62","632.26M","1.03%"
"Jan 17, 2019","7,084.46","7,010.13","7,113.95","7,003.62","518.86M","0.71%"
"Jan 16, 2019","7,034.69","7,033.75","7,079.63","7,028.12","511.90M","0.15%"
"Jan 15, 2019","7,023.83","6,931.39","7,025.85","6,928.12","494.72M","1.71%"
"Jan 14, 2019","6,905.91","6,908.03","6,936.22","6,887.48","491.73M","-0.94%"
"Jan 11, 2019","6,971.48","6,947.46","6,975.65","6,933.60","499.27M","-0.21%"
"Jan 10, 2019","6,986.07","6,908.65","6,991.37","6,877.08","532.02M","0.42%"
"Jan 09, 2019","6,957.08","6,923.06","6,985.22","6,899.56","577.67M","0.87%"
"Jan 08, 2019","6,897.00","6,893.44","6,909.58","6,795.86","599.42M","1.08%"
"Jan 07, 2019","6,823.47","6,757.53","6,855.60","6,741.40","623.29M","1.26%"
"Jan 04, 2019","6,738.86","6,567.14","6,760.69","6,554.24","688.19M","4.26%"
"Jan 03, 2019","6,463.50","6,584.77","6,600.21","6,457.13","667.44M","-3.04%"
"Jan 02, 2019","6,665.94","6,506.91","6,693.71","6,506.88","581.37M","0.46%"
"Dec 31, 2018","6,635.28","6,649.52","6,659.96","6,570.06","582.10M","0.77%"
"Dec 28, 2018","6,584.52","6,616.79","6,684.18","6,529.22","526.28M","0.08%"
"Dec 27, 2018","6,579.49","6,457.19","6,583.01","6,336.97","628.65M","0.38%"
"Dec 26, 2018","6,554.35","6,257.86","6,555.53","6,214.34","660.27M","5.84%"
"Dec 24, 2018","6,192.92","6,278.49","6,355.18","6,190.17","405.62M","-2.21%"
"Dec 21, 2018","6,332.99","6,573.48","6,586.68","6,304.63","1.84B","-2.99%"
"Dec 20, 2018","6,528.41","6,607.76","6,666.20","6,447.91","813.45M","-1.63%"
"Dec 19, 2018","6,636.83","6,777.59","6,868.86","6,586.50","746.36M","-2.17%"
"Dec 18, 2018","6,783.91","6,809.81","6,847.27","6,733.71","662.80M","0.45%"
"Dec 17, 2018","6,753.73","6,886.46","6,931.81","6,710.01","690.84M","-2.27%"
"Dec 14, 2018","6,910.66","6,986.37","7,027.17","6,898.99","564.08M","-2.26%"
"Dec 13, 2018","7,070.33","7,135.28","7,154.64","7,034.82","525.89M","-0.39%"
"Dec 12, 2018","7,098.31","7,127.00","7,197.29","7,096.56","600.53M","0.95%"
"Dec 11, 2018","7,031.83","7,121.65","7,129.83","6,983.01","535.38M","0.16%"
"Dec 10, 2018","7,020.52","6,959.63","7,047.62","6,878.98","587.31M","0.74%"
"Dec 07, 2018","6,969.25","7,163.49","7,205.37","6,945.27","635.82M","-3.05%"
"Dec 06, 2018","7,188.26","7,017.05","7,189.52","6,984.34","727.61M","0.42%"
"Dec 04, 2018","7,158.43","7,407.95","7,421.11","7,150.11","695.88M","-3.80%"
"Dec 03, 2018","7,441.51","7,486.13","7,486.51","7,392.22","695.88M","1.51%"
"Nov 30, 2018","7,330.54","7,279.30","7,332.79","7,255.68","862.98M","0.79%"
"Nov 29, 2018","7,273.08","7,267.37","7,319.96","7,217.69","486.98M","-0.25%"
"Nov 28, 2018","7,291.59","7,135.08","7,292.71","7,090.98","600.77M","2.95%"
"Nov 27, 2018","7,082.70","7,041.23","7,105.14","7,014.36","520.41M","0.01%"
"Nov 26, 2018","7,081.85","7,026.50","7,083.93","7,003.12","513.76M","2.06%"
"Nov 23, 2018","6,938.98","6,919.52","6,987.89","6,919.16","272.71M","-0.48%"
"Nov 21, 2018","6,972.25","6,985.51","7,029.93","6,951.62","482.97M","0.92%"
"Nov 20, 2018","6,908.82","6,867.43","6,994.75","6,830.76","667.77M","-1.70%"
"Nov 19, 2018","7,028.48","7,217.24","7,224.12","7,011.40","627.83M","-3.03%"
"Nov 16, 2018","7,247.87","7,193.60","7,274.86","7,171.70","697.93M","-0.15%"
"Nov 15, 2018","7,259.03","7,112.83","7,274.26","7,072.36","646.33M","1.72%"
"Nov 14, 2018","7,136.39","7,265.39","7,285.57","7,101.17","630.16M","-0.90%"
"Nov 13, 2018","7,200.88","7,230.69","7,319.11","7,182.86","594.98M","0.00%"
"Nov 12, 2018","7,200.87","7,364.05","7,371.09","7,193.77","596.55M","-2.78%"
"Nov 09, 2018","7,406.90","7,468.51","7,474.34","7,349.48","612.79M","-1.65%"
"Nov 08, 2018","7,530.89","7,544.17","7,566.93","7,499.71","599.94M","-0.53%"
"Nov 07, 2018","7,570.75","7,446.09","7,572.93","7,435.87","641.09M","2.64%"
"Nov 06, 2018","7,375.96","7,326.07","7,400.64","7,320.89","554.21M","0.64%"
"Nov 05, 2018","7,328.85","7,344.08","7,349.23","7,255.88","562.30M","-0.38%"
"Nov 02, 2018","7,356.99","7,424.02","7,466.53","7,298.68","713.26M","-1.04%"
"Nov 01, 2018","7,434.06","7,327.82","7,435.88","7,286.50","684.15M","1.75%"
"Oct 31, 2018","7,305.90","7,276.62","7,368.49","7,270.63","761.55M","2.01%"
"Oct 30, 2018","7,161.65","7,017.87","7,166.84","7,001.48","675.85M","1.58%"
"Oct 29, 2018","7,050.29","7,272.42","7,295.61","6,922.83","692.72M","-1.63%"
"Oct 26, 2018","7,167.21","7,125.18","7,283.32","7,057.00","719.21M","-2.07%"
"Oct 25, 2018","7,318.34","7,197.49","7,364.82","7,178.54","683.41M","2.95%"
"Oct 24, 2018","7,108.40","7,423.21","7,435.69","7,099.00","719.97M","-4.43%"
"Oct 23, 2018","7,437.54","7,328.55","7,472.58","7,260.13","666.07M","-0.42%"
"Oct 22, 2018","7,468.63","7,486.74","7,520.53","7,424.74","546.42M","0.26%"
"Oct 19, 2018","7,449.03","7,530.15","7,582.89","7,428.30","633.90M","-0.48%"
"Oct 18, 2018","7,485.14","7,616.47","7,616.86","7,452.46","591.76M","-2.06%"
"Oct 17, 2018","7,642.70","7,669.26","7,670.49","7,563.09","546.26M","-0.04%"
"Oct 16, 2018","7,645.49","7,501.78","7,658.14","7,493.44","604.95M","2.89%"
"Oct 15, 2018","7,430.74","7,473.33","7,500.93","7,400.07","515.72M","-0.88%"
"Oct 12, 2018","7,496.89","7,507.84","7,516.69","7,368.33","655.73M","2.29%"
"Oct 11, 2018","7,329.06","7,388.07","7,493.21","7,274.04","760.28M","-1.25%"
"Oct 10, 2018","7,422.05","7,694.08","7,701.20","7,420.56","758.01M","-4.08%"
"Oct 09, 2018","7,738.02","7,728.51","7,799.75","7,718.95","562.09M","0.03%"
"Oct 08, 2018","7,735.95","7,747.10","7,797.32","7,654.84","551.10M","-0.67%"
"Oct 05, 2018","7,788.45","7,874.76","7,902.67","7,715.97","624.60M","-1.16%"
"Oct 04, 2018","7,879.51","7,993.33","7,997.17","7,833.16","764.99M","-1.81%"
"Oct 03, 2018","8,025.09","8,034.65","8,053.93","8,012.03","693.99M","0.32%"
"Oct 02, 2018","7,999.55","8,024.48","8,054.15","7,983.99","559.02M","-0.47%"
"Oct 01, 2018","8,037.30","8,091.50","8,107.38","8,019.77","543.43M","-0.11%"
"Sep 28, 2018","8,046.35","8,024.50","8,065.06","8,015.86","603.13M","0.05%"
"Sep 27, 2018","8,041.97","8,021.22","8,071.56","8,017.91","484.63M","0.65%"
"Sep 26, 2018","7,990.37","8,011.68","8,067.03","7,982.77","522.53M","-0.21%"
"Sep 25, 2018","8,007.47","8,001.59","8,014.12","7,979.29","541.53M","0.18%"
"Sep 24, 2018","7,993.25","7,939.38","7,997.90","7,912.47","584.16M","0.08%"
"Sep 21, 2018","7,986.95","8,041.69","8,057.26","7,979.67","1.61B","-0.51%"
"Sep 20, 2018","8,028.23","7,993.53","8,039.06","7,986.40","534.96M","0.98%"
"Sep 19, 2018","7,950.04","7,962.55","7,976.12","7,917.73","494.99M","-0.08%"
"Sep 18, 2018","7,956.11","7,903.57","7,986.10","7,901.01","521.30M","0.76%"
"Sep 17, 2018","7,895.79","7,992.21","8,002.78","7,890.07","565.45M","-1.43%"
"Sep 14, 2018","8,010.04","8,026.16","8,040.83","7,979.78","487.34M","-0.05%"
"Sep 13, 2018","8,013.71","7,999.93","8,037.51","7,989.85","522.07M","0.75%"
"Sep 12, 2018","7,954.23","7,958.87","7,965.39","7,884.05","536.24M","-0.23%"
"Sep 11, 2018","7,972.47","7,894.87","7,986.32","7,880.93","500.45M","0.61%"
"Sep 10, 2018","7,924.16","7,939.57","7,945.03","7,890.39","477.69M","0.27%"
"Sep 07, 2018","7,902.54","7,878.79","7,962.53","7,873.93","498.04M","-0.25%"
"Sep 06, 2018","7,922.73","7,998.27","8,001.97","7,885.49","539.13M","-0.91%"
"Sep 05, 2018","7,995.17","8,073.53","8,077.84","7,962.35","608.42M","-1.19%"
"Sep 04, 2018","8,091.25","8,087.95","8,104.07","8,042.14","516.56M","-0.23%"
"Aug 31, 2018","8,109.54","8,079.31","8,119.82","8,079.31","487.91M","0.26%"
"Aug 30, 2018","8,088.36","8,094.20","8,133.30","8,069.57","441.39M","-0.26%"
"Aug 29, 2018","8,109.69","8,044.34","8,113.56","8,042.10","428.42M","0.99%"
"Aug 28, 2018","8,030.04","8,039.01","8,046.31","8,009.59","453.27M","0.15%"
"Aug 27, 2018","8,017.90","7,989.64","8,024.94","7,976.60","511.44M","0.91%"
"Aug 24, 2018","7,945.98","7,907.81","7,949.71","7,907.10","437.24M","0.86%"
"Aug 23, 2018","7,878.46","7,886.47","7,926.32","7,866.53","428.23M","-0.13%"
"Aug 22, 2018","7,889.10","7,844.04","7,897.63","7,840.84","383.82M","0.38%"
"Aug 21, 2018","7,859.17","7,840.09","7,897.68","7,836.79","427.06M","0.49%"
"Aug 20, 2018","7,821.01","7,834.37","7,837.14","7,787.90","411.86M","0.06%"
"Aug 17, 2018","7,816.33","7,786.64","7,830.78","7,752.68","481.16M","0.13%"
"Aug 16, 2018","7,806.52","7,826.95","7,849.67","7,795.74","468.96M","0.42%"
"Aug 15, 2018","7,774.12","7,810.02","7,832.66","7,732.69","535.19M","-1.23%"
"Aug 14, 2018","7,870.89","7,847.88","7,878.23","7,815.50","451.62M","0.65%"
"Aug 13, 2018","7,819.71","7,848.00","7,888.66","7,814.27","433.65M","-0.25%"
"Aug 10, 2018","7,839.11","7,834.71","7,866.19","7,818.37","485.57M","-0.67%"
"Aug 09, 2018","7,891.78","7,886.52","7,923.35","7,881.06","451.62M","0.04%"
"Aug 08, 2018","7,888.33","7,880.00","7,901.69","7,864.46","474.70M","0.06%"
"Aug 07, 2018","7,883.66","7,878.62","7,898.20","7,868.65","514.39M","0.31%"
"Aug 06, 2018","7,859.68","7,809.54","7,859.68","7,801.88","493.69M","0.61%"
"Aug 03, 2018","7,812.02","7,819.23","7,824.06","7,783.30","477.35M","0.12%"
"Aug 02, 2018","7,802.69","7,659.52","7,808.85","7,659.52","491.31M","1.24%"
"Aug 01, 2018","7,707.29","7,701.82","7,732.68","7,670.71","531.48M","0.46%"
"Jul 31, 2018","7,671.79","7,654.59","7,709.49","7,614.84","566.03M","0.55%"
"Jul 30, 2018","7,630.00","7,735.27","7,740.26","7,604.24","503.88M","-1.39%"
"Jul 27, 2018","7,737.42","7,889.75","7,889.75","7,698.96","520.00M","-1.46%"
"Jul 26, 2018","7,852.19","7,848.04","7,881.30","7,834.08","521.68M","-1.01%"
"Jul 25, 2018","7,932.24","7,839.09","7,933.31","7,838.76","465.42M","1.17%"
"Jul 24, 2018","7,840.77","7,914.35","7,928.79","7,814.33","470.76M","-0.01%"
"Jul 23, 2018","7,841.87","7,806.93","7,846.76","7,776.55","395.31M","0.28%"
"Jul 20, 2018","7,820.20","7,843.08","7,860.25","7,815.86","464.63M","-0.07%"
"Jul 19, 2018","7,825.30","7,829.80","7,849.85","7,811.15","434.39M","-0.37%"
"Jul 18, 2018","7,854.44","7,859.43","7,863.77","7,822.83","437.89M","-0.01%"
"Jul 17, 2018","7,855.12","7,751.98","7,867.15","7,749.60","406.40M","0.63%"
"Jul 16, 2018","7,805.72","7,831.74","7,838.82","7,791.98","429.29M","-0.26%"
"Jul 13, 2018","7,825.98","7,827.62","7,843.52","7,803.34","413.13M","0.03%"
"Jul 12, 2018","7,823.92","7,752.71","7,825.67","7,746.76","453.33M","1.39%"
"Jul 11, 2018","7,716.61","7,698.51","7,748.16","7,696.58","420.72M","-0.55%"
"Jul 10, 2018","7,759.20","7,770.63","7,777.48","7,731.98","419.19M","0.04%"
"Jul 09, 2018","7,756.20","7,731.74","7,757.28","7,702.06","453.76M","0.88%"
"Jul 06, 2018","7,688.39","7,595.93","7,695.81","7,588.65","431.50M","1.34%"
"Jul 05, 2018","7,586.43","7,550.65","7,589.19","7,511.43","471.53M","1.12%"
"Jul 03, 2018","7,502.67","7,593.63","7,594.33","7,498.50","298.41M","-0.86%"
"Jul 02, 2018","7,567.69","7,451.90","7,568.10","7,443.10","447.16M","0.76%"
"Jun 29, 2018","7,510.30","7,544.13","7,573.59","7,502.95","634.63M","0.09%"
"Jun 28, 2018","7,503.68","7,438.11","7,526.07","7,419.56","512.33M","0.79%"
"Jun 27, 2018","7,445.09","7,586.33","7,610.67","7,444.17","537.35M","-1.54%"
"Jun 26, 2018","7,561.63","7,553.74","7,597.49","7,527.00","496.22M","0.39%"
"Jun 25, 2018","7,532.01","7,631.12","7,639.73","7,477.73","595.36M","-2.09%"
"Jun 22, 2018","7,692.82","7,739.69","7,739.71","7,679.12","1.67B","-0.26%"
"Jun 21, 2018","7,712.95","7,800.30","7,803.45","7,699.19","549.36M","-0.88%"
"Jun 20, 2018","7,781.52","7,764.15","7,806.60","7,755.48","513.78M","0.72%"
"Jun 19, 2018","7,725.59","7,658.47","7,727.41","7,635.73","577.30M","-0.28%"
"Jun 18, 2018","7,747.02","7,692.96","7,749.36","7,676.83","522.21M","0.01%"
"Jun 15, 2018","7,746.38","7,725.03","7,755.72","7,704.34","1.22B","-0.19%"
"Jun 14, 2018","7,761.04","7,723.53","7,768.60","7,723.53","532.09M","0.85%"
"Jun 13, 2018","7,695.70","7,713.90","7,748.96","7,686.65","552.68M","-0.11%"
"Jun 12, 2018","7,703.79","7,673.87","7,708.25","7,669.53","474.86M","0.57%"
"Jun 11, 2018","7,659.93","7,647.23","7,677.29","7,642.87","451.37M","0.19%"
"Jun 08, 2018","7,645.51","7,607.73","7,653.57","7,595.14","467.61M","0.14%"
"Jun 07, 2018","7,635.07","7,697.41","7,697.41","7,597.66","505.79M","-0.70%"
"Jun 06, 2018","7,689.24","7,652.81","7,691.65","7,622.31","502.98M","0.67%"
"Jun 05, 2018","7,637.86","7,621.36","7,644.48","7,602.38","480.10M","0.41%"
"Jun 04, 2018","7,606.46","7,570.08","7,607.17","7,561.20","527.78M","0.69%"
"Jun 01, 2018","7,554.33","7,487.66","7,557.38","7,487.23","523.74M","1.51%"
"May 31, 2018","7,442.12","7,455.58","7,492.42","7,431.41","724.94M","-0.27%"
"May 30, 2018","7,462.45","7,428.41","7,473.81","7,423.67","487.10M","0.89%"
"May 29, 2018","7,396.59","7,398.51","7,435.13","7,354.29","479.26M","-0.50%"
"May 25, 2018","7,433.85","7,422.20","7,452.85","7,415.58","386.02M","0.13%"
"May 24, 2018","7,424.43","7,421.99","7,435.38","7,357.50","428.96M","-0.02%"
"May 23, 2018","7,425.95","7,335.03","7,426.78","7,334.61","445.08M","0.64%"
"May 22, 2018","7,378.45","7,420.85","7,432.53","7,370.33","434.48M","-0.21%"
"May 21, 2018","7,394.04","7,406.34","7,431.83","7,368.20","443.54M","0.54%"
"May 18, 2018","7,354.34","7,364.34","7,381.16","7,343.97","484.55M","-0.38%"
"May 17, 2018","7,382.47","7,379.58","7,425.39","7,350.46","416.15M","-0.21%"
"May 16, 2018","7,398.30","7,356.22","7,413.32","7,356.16","474.87M","0.63%"
"May 15, 2018","7,351.63","7,361.30","7,363.52","7,320.97","493.49M","-0.81%"
"May 14, 2018","7,411.31","7,429.45","7,458.42","7,401.89","489.17M","0.11%"
"May 11, 2018","7,402.88","7,393.97","7,417.67","7,372.26","484.84M","-0.03%"
"May 10, 2018","7,404.98","7,355.90","7,414.15","7,353.63","490.34M","0.89%"
"May 09, 2018","7,339.90","7,281.53","7,344.80","7,259.05","521.10M","1.00%"
"May 08, 2018","7,266.90","7,255.34","7,278.81","7,224.70","501.79M","0.02%"
"May 07, 2018","7,265.21","7,241.82","7,291.74","7,235.76","465.63M","0.77%"
"May 04, 2018","7,209.62","7,065.67","7,228.26","7,057.89","490.02M","1.71%"
"May 03, 2018","7,088.15","7,065.03","7,112.59","6,991.14","525.37M","-0.18%"
"May 02, 2018","7,100.90","7,138.45","7,169.46","7,094.72","508.02M","-0.42%"
"May 01, 2018","7,130.70","7,053.65","7,133.27","7,036.18","461.10M","0.91%"
"Apr 30, 2018","7,066.27","7,133.95","7,169.80","7,065.41","510.26M","-0.75%"
"Apr 27, 2018","7,119.80","7,195.52","7,197.15","7,083.95","468.93M","0.02%"
"Apr 26, 2018","7,118.68","7,080.49","7,143.94","7,055.66","486.82M","1.64%"
"Apr 25, 2018","7,003.74","7,009.99","7,030.74","6,926.98","459.97M","-0.05%"
"Apr 24, 2018","7,007.35","7,160.77","7,171.67","6,961.52","512.28M","-1.70%"
"Apr 23, 2018","7,128.60","7,173.99","7,195.72","7,094.43","421.04M","-0.25%"
"Apr 20, 2018","7,146.13","7,220.64","7,222.99","7,123.49","503.76M","-1.27%"
"Apr 19, 2018","7,238.06","7,258.61","7,277.45","7,215.18","447.93M","-0.78%"
"Apr 18, 2018","7,295.24","7,292.38","7,319.58","7,259.90","431.38M","0.19%"
"Apr 17, 2018","7,281.10","7,215.11","7,298.59","7,206.55","440.90M","1.74%"
"Apr 16, 2018","7,156.28","7,153.87","7,178.51","7,115.85","426.93M","0.70%"
"Apr 13, 2018","7,106.65","7,179.62","7,183.62","7,078.14","406.69M","-0.47%"
"Apr 12, 2018","7,140.25","7,112.02","7,166.00","7,105.09","449.39M","1.01%"
"Apr 11, 2018","7,069.03","7,055.00","7,128.54","7,055.00","407.70M","-0.36%"
"Apr 10, 2018","7,094.30","7,060.99","7,117.98","7,014.88","532.61M","2.07%"
"Apr 09, 2018","6,950.34","6,971.44","7,074.95","6,944.96","494.55M","0.51%"
"Apr 06, 2018","6,915.11","6,999.57","7,066.64","6,877.76","564.29M","-2.28%"
"Apr 05, 2018","7,076.55","7,099.25","7,112.38","7,036.62","493.98M","0.49%"
"Apr 04, 2018","7,042.11","6,811.77","7,059.29","6,811.77","543.64M","1.45%"
"Apr 03, 2018","6,941.28","6,924.35","6,963.71","6,835.23","565.72M","1.04%"
"Apr 02, 2018","6,870.12","7,016.17","7,044.71","6,805.96","586.47M","-2.74%"
"Mar 29, 2018","7,063.44","6,984.65","7,120.46","6,935.78","683.33M","1.64%"
"Mar 28, 2018","6,949.23","6,978.30","7,036.09","6,901.07","589.91M","-0.85%"
"Mar 27, 2018","7,008.81","7,255.47","7,255.54","6,963.68","567.57M","-2.93%"
"Mar 26, 2018","7,220.54","7,125.20","7,225.84","7,022.34","575.54M","3.26%"
"Mar 23, 2018","6,992.67","7,170.68","7,194.31","6,992.67","589.29M","-2.43%"
"Mar 22, 2018","7,166.68","7,257.55","7,303.19","7,164.38","559.16M","-2.43%"
"Mar 21, 2018","7,345.28","7,347.50","7,415.66","7,325.35","465.54M","-0.26%"
"Mar 20, 2018","7,364.30","7,353.25","7,380.74","7,331.24","486.46M","0.27%"
"Mar 19, 2018","7,344.24","7,419.20","7,421.23","7,285.27","574.52M","-1.84%"
"Mar 16, 2018","7,481.99","7,504.37","7,514.21","7,473.68","1.26B","0.00%"
"Mar 15, 2018","7,481.74","7,509.24","7,525.44","7,463.19","488.94M","-0.20%"
"Mar 14, 2018","7,496.81","7,539.78","7,544.89","7,473.90","516.22M","-0.19%"
"Mar 13, 2018","7,511.01","7,627.52","7,637.27","7,492.98","582.40M","-1.02%"
"Mar 12, 2018","7,588.32","7,581.04","7,609.10","7,563.44","537.03M","0.36%"
"Mar 09, 2018","7,560.81","7,475.98","7,560.81","7,469.03","560.83M","1.79%"
"Mar 08, 2018","7,427.95","7,422.77","7,435.01","7,391.50","532.54M","0.42%"
"Mar 07, 2018","7,396.65","7,311.73","7,403.79","7,311.73","548.70M","0.33%"
"Mar 06, 2018","7,372.01","7,366.61","7,378.03","7,319.68","544.06M","0.56%"
"Mar 05, 2018","7,330.70","7,222.89","7,350.07","7,205.31","508.64M","1.00%"
"Mar 02, 2018","7,257.87","7,099.54","7,267.19","7,084.83","562.03M","1.08%"
"Mar 01, 2018","7,180.56","7,274.75","7,307.85","7,117.66","593.82M","-1.27%"
"Feb 28, 2018","7,273.01","7,371.41","7,386.80","7,273.01","603.59M","-0.78%"
"Feb 27, 2018","7,330.35","7,416.17","7,438.09","7,330.35","530.42M","-1.23%"
"Feb 26, 2018","7,421.46","7,373.30","7,421.85","7,360.25","448.97M","1.15%"
"Feb 23, 2018","7,337.39","7,261.35","7,337.83","7,232.49","445.46M","1.77%"
"Feb 22, 2018","7,210.09","7,252.47","7,280.93","7,194.84","465.44M","-0.11%"
"Feb 21, 2018","7,218.23","7,258.48","7,338.64","7,218.11","475.70M","-0.22%"
"Feb 20, 2018","7,234.31","7,209.03","7,295.95","7,206.00","489.83M","-0.07%"
"Feb 16, 2018","7,239.47","7,236.52","7,303.26","7,226.38","515.06M","-0.23%"
"Feb 15, 2018","7,256.43","7,200.75","7,256.93","7,130.39","508.64M","1.58%"
"Feb 14, 2018","7,143.61","6,979.24","7,152.05","6,977.07","545.97M","1.85%"
"Feb 13, 2018","7,013.51","6,942.16","7,025.68","6,938.16","441.58M","0.45%"
"Feb 12, 2018","6,981.96","6,936.68","7,023.62","6,879.69","580.70M","1.56%"
"Feb 09, 2018","6,874.49","6,863.34","6,917.01","6,630.67","794.77M","1.44%"
"Feb 08, 2018","6,777.16","7,067.30","7,073.99","6,776.77","672.31M","-3.90%"
"Feb 07, 2018","7,051.98","7,086.20","7,170.34","7,051.53","579.22M","-0.90%"
"Feb 06, 2018","7,115.88","6,837.56","7,126.55","6,824.82","789.88M","2.13%"
"Feb 05, 2018","6,967.53","7,165.96","7,277.36","6,967.53","760.52M","-3.78%"
"Feb 02, 2018","7,240.95","7,347.59","7,364.43","7,238.18","618.43M","-1.96%"
"Feb 01, 2018","7,385.86","7,377.17","7,441.09","7,362.28","538.73M","-0.35%"
"Jan 31, 2018","7,411.48","7,443.25","7,453.99","7,381.12","611.53M","0.12%"
"Jan 30, 2018","7,402.48","7,388.89","7,433.65","7,373.99","505.85M","-0.86%"
"Jan 29, 2018","7,466.51","7,484.47","7,500.61","7,455.55","486.38M","-0.52%"
"Jan 26, 2018","7,505.77","7,448.33","7,505.77","7,431.22","485.12M","1.28%"
"Jan 25, 2018","7,411.16","7,457.94","7,458.53","7,388.58","464.67M","-0.05%"
"Jan 24, 2018","7,415.06","7,474.16","7,486.32","7,376.75","520.52M","-0.61%"
"Jan 23, 2018","7,460.29","7,424.95","7,465.39","7,423.18","472.92M","0.71%"
"Jan 22, 2018","7,408.03","7,338.04","7,408.03","7,332.81","501.22M","0.98%"
"Jan 19, 2018","7,336.38","7,312.00","7,336.38","7,297.28","510.98M","0.55%"
"Jan 18, 2018","7,296.05","7,293.65","7,313.89","7,276.11","463.52M","-0.03%"
"Jan 17, 2018","7,298.28","7,257.77","7,309.36","7,229.32","518.58M","1.03%"
"Jan 16, 2018","7,223.69","7,307.19","7,330.33","7,205.93","577.49M","-0.51%"
"Jan 12, 2018","7,261.06","7,208.17","7,265.26","7,205.18","464.78M","0.68%"
"Jan 11, 2018","7,211.78","7,168.73","7,211.78","7,163.23","456.81M","0.81%"
"Jan 10, 2018","7,153.57","7,129.83","7,154.24","7,111.52","457.15M","-0.14%"
"Jan 09, 2018","7,163.58","7,174.19","7,181.14","7,148.30","491.70M","0.09%"
"Jan 08, 2018","7,157.39","7,135.38","7,161.35","7,124.09","497.21M","0.29%"
"Jan 05, 2018","7,136.56","7,105.74","7,137.04","7,097.08","476.41M","0.83%"
"Jan 04, 2018","7,077.91","7,089.50","7,098.05","7,072.38","493.88M","0.18%"
"Jan 03, 2018","7,065.53","7,017.07","7,069.15","7,016.70","483.92M","0.84%"
"Jan 02, 2018","7,006.90","6,937.65","7,006.91","6,924.08","462.20M","1.50%"
"Dec 29, 2017","6,903.39","6,952.60","6,954.98","6,903.39","422.84M","-0.67%"
"Dec 28, 2017","6,950.16","6,953.38","6,954.80","6,936.75","293.06M","0.16%"
"Dec 27, 2017","6,939.34","6,941.45","6,955.38","6,931.34","316.13M","0.04%"
"Dec 26, 2017","6,936.25","6,928.92","6,942.14","6,915.56","322.15M","-0.34%"
"Dec 22, 2017","6,959.96","6,958.02","6,962.26","6,944.44","372.94M","-0.08%"
"Dec 21, 2017","6,965.36","6,972.88","6,992.63","6,961.20","436.63M","0.06%"
"Dec 20, 2017","6,960.96","6,991.26","6,991.26","6,935.42","442.66M","-0.04%"
"Dec 19, 2017","6,963.85","6,991.25","6,995.88","6,951.49","514.90M","-0.44%"
"Dec 18, 2017","6,994.76","6,980.40","7,003.89","6,975.55","539.24M","0.84%"
"Dec 15, 2017","6,936.58","6,871.55","6,945.82","6,871.45","1.42B","1.17%"
"Dec 14, 2017","6,856.53","6,887.39","6,901.13","6,851.63","496.56M","-0.28%"
"Dec 13, 2017","6,875.80","6,880.41","6,897.62","6,871.87","490.98M","0.20%"
"Dec 12, 2017","6,862.32","6,872.72","6,884.81","6,856.30","456.45M","-0.19%"
"Dec 11, 2017","6,875.08","6,847.64","6,879.80","6,844.88","448.36M","0.51%"
"Dec 08, 2017","6,840.08","6,859.94","6,870.48","6,831.61","429.26M","0.40%"
"Dec 07, 2017","6,812.84","6,785.74","6,829.29","6,778.20","475.25M","0.54%"
"Dec 06, 2017","6,776.38","6,742.07","6,787.42","6,734.13","454.87M","0.21%"
"Dec 05, 2017","6,762.21","6,759.14","6,836.45","6,752.32","518.90M","-0.19%"
"Dec 04, 2017","6,775.37","6,897.14","6,899.23","6,770.69","600.98M","-1.05%"
"Dec 01, 2017","6,847.59","6,844.04","6,872.17","6,737.16","547.88M","-0.38%"
"Nov 30, 2017","6,873.97","6,852.80","6,888.65","6,838.48","730.82M","0.73%"
"Nov 29, 2017","6,824.39","6,907.28","6,908.33","6,793.95","586.18M","-1.27%"
"Nov 28, 2017","6,912.36","6,893.72","6,914.19","6,866.21","477.32M","0.49%"
"Nov 27, 2017","6,878.52","6,889.91","6,897.43","6,867.89","444.30M","-0.15%"
"Nov 24, 2017","6,889.16","6,878.11","6,890.02","6,873.74","223.07M","0.32%"
"Nov 22, 2017","6,867.36","6,869.53","6,874.52","6,859.28","386.64M","0.07%"
"Nov 21, 2017","6,862.48","6,820.55","6,862.66","6,820.02","465.90M","1.06%"
"Nov 20, 2017","6,790.71","6,789.28","6,795.83","6,779.48","437.87M","0.12%"
"Nov 17, 2017","6,782.79","6,794.45","6,797.75","6,777.43","493.18M","-0.15%"
"Nov 16, 2017","6,793.29","6,742.34","6,806.67","6,742.34","476.98M","1.30%"
"Nov 15, 2017","6,706.21","6,700.68","6,725.32","6,667.31","457.21M","-0.47%"
"Nov 14, 2017","6,737.87","6,733.87","6,743.63","6,709.27","462.99M","-0.29%"
"Nov 13, 2017","6,757.60","6,727.39","6,766.30","6,723.43","462.89M","0.10%"
"Nov 10, 2017","6,750.94","6,736.39","6,757.35","6,727.35","464.51M","0.01%"
"Nov 09, 2017","6,750.05","6,737.45","6,758.93","6,687.28","517.86M","-0.58%"
"Nov 08, 2017","6,789.12","6,764.85","6,791.65","6,753.34","509.54M","0.32%"
"Nov 07, 2017","6,767.78","6,785.44","6,795.52","6,750.35","531.06M","-0.27%"
"Nov 06, 2017","6,786.44","6,763.30","6,790.66","6,763.17","524.23M","0.33%"
"Nov 03, 2017","6,764.44","6,737.09","6,765.14","6,712.93","521.39M","0.74%"
"Nov 02, 2017","6,714.94","6,709.39","6,719.97","6,677.55","533.72M","-0.02%"
"Nov 01, 2017","6,716.53","6,758.64","6,759.66","6,691.48","491.99M","-0.17%"
"Oct 31, 2017","6,727.67","6,713.71","6,737.75","6,705.79","509.98M","0.43%"
"Oct 30, 2017","6,698.96","6,693.77","6,727.39","6,677.15","477.43M","-0.03%"
"Oct 27, 2017","6,701.26","6,635.03","6,708.13","6,625.78","566.65M","2.20%"
"Oct 26, 2017","6,556.77","6,567.59","6,582.76","6,550.03","496.86M","-0.11%"
"Oct 25, 2017","6,563.89","6,587.22","6,600.65","6,517.93","493.72M","-0.52%"
"Oct 24, 2017","6,598.43","6,598.60","6,611.90","6,582.06","421.46M","0.18%"
"Oct 23, 2017","6,586.83","6,641.57","6,641.57","6,581.15","417.64M","-0.64%"
"Oct 20, 2017","6,629.05","6,633.37","6,640.02","6,622.92","457.36M","0.36%"
"Oct 19, 2017","6,605.07","6,583.70","6,605.29","6,558.53","424.74M","-0.29%"
"Oct 18, 2017","6,624.22","6,634.26","6,635.52","6,613.55","390.34M","0.01%"
"Oct 17, 2017","6,623.66","6,621.42","6,628.60","6,613.21","375.08M","-0.01%"
"Oct 16, 2017","6,624.01","6,622.55","6,632.50","6,607.03","373.94M","0.28%"
"Oct 13, 2017","6,605.80","6,613.21","6,616.58","6,602.20","417.54M","0.22%"
"Oct 12, 2017","6,591.51","6,594.76","6,613.50","6,586.32","476.36M","-0.18%"
"Oct 11, 2017","6,603.55","6,586.73","6,604.21","6,577.98","429.37M","0.25%"
"Oct 10, 2017","6,587.25","6,602.49","6,608.30","6,561.78","401.70M","0.11%"
"Oct 09, 2017","6,579.73","6,597.37","6,599.34","6,572.44","359.14M","-0.16%"
"Oct 06, 2017","6,590.18","6,566.95","6,590.18","6,566.84","410.59M","0.07%"
"Oct 05, 2017","6,585.36","6,552.87","6,587.21","6,547.65","422.21M","0.78%"
"Oct 04, 2017","6,534.63","6,521.96","6,546.46","6,513.12","434.61M","0.04%"
"Oct 03, 2017","6,531.71","6,523.74","6,532.18","6,509.71","438.92M","0.23%"
"Oct 02, 2017","6,516.72","6,506.08","6,527.22","6,484.14","448.11M","0.32%"
"Sep 29, 2017","6,495.96","6,461.28","6,497.98","6,454.86","492.43M","0.66%"
"Sep 28, 2017","6,453.45","6,437.96","6,456.23","6,427.66","428.05M","0.00%"
"Sep 27, 2017","6,453.26","6,414.37","6,472.65","6,405.35","470.98M","1.15%"
"Sep 26, 2017","6,380.16","6,391.85","6,405.01","6,364.57","439.70M","0.15%"
"Sep 25, 2017","6,370.59","6,403.11","6,408.06","6,343.96","486.99M","-0.88%"
"Sep 22, 2017","6,426.92","6,401.44","6,429.54","6,400.81","388.10M","0.07%"
"Sep 21, 2017","6,422.69","6,448.57","6,448.57","6,405.30","400.64M","-0.52%"
"Sep 20, 2017","6,456.04","6,459.74","6,466.05","6,414.23","470.40M","-0.08%"
"Sep 19, 2017","6,461.32","6,465.57","6,467.79","6,446.75","430.73M","0.10%"
"Sep 18, 2017","6,454.64","6,460.10","6,477.77","6,438.41","445.50M","0.10%"
"Sep 15, 2017","6,448.47","6,426.16","6,464.27","6,419.65","1.19B","0.30%"
"Sep 14, 2017","6,429.08","6,439.46","6,455.32","6,424.04","430.37M","-0.48%"
"Sep 13, 2017","6,460.19","6,440.72","6,460.42","6,433.20","447.20M","0.09%"
"Sep 12, 2017","6,454.28","6,448.81","6,455.02","6,429.54","404.69M","0.34%"
"Sep 11, 2017","6,432.26","6,411.18","6,439.11","6,410.71","431.57M","1.13%"
"Sep 08, 2017","6,360.19","6,389.65","6,391.41","6,354.96","408.11M","-0.59%"
"Sep 07, 2017","6,397.87","6,402.94","6,413.07","6,379.81","433.05M","0.07%"
"Sep 06, 2017","6,393.31","6,394.35","6,407.40","6,356.20","419.28M","0.28%"
"Sep 05, 2017","6,375.57","6,414.82","6,426.51","6,334.59","438.96M","-0.93%"
"Sep 01, 2017","6,435.33","6,442.17","6,449.65","6,417.87","347.64M","0.10%"
"Aug 31, 2017","6,428.66","6,385.80","6,435.27","6,383.58","478.19M","0.95%"
"Aug 30, 2017","6,368.31","6,308.68","6,374.48","6,303.57","384.51M","1.05%"
"Aug 29, 2017","6,301.89","6,228.90","6,311.26","6,228.73","379.62M","0.30%"
"Aug 28, 2017","6,283.02","6,286.01","6,292.26","6,267.85","384.99M","0.28%"
"Aug 25, 2017","6,265.64","6,293.81","6,308.72","6,257.10","343.10M","-0.09%"
"Aug 24, 2017","6,271.33","6,294.82","6,302.85","6,244.57","369.11M","-0.11%"
"Aug 23, 2017","6,278.41","6,263.47","6,291.30","6,263.28","349.56M","-0.30%"
"Aug 22, 2017","6,297.48","6,241.21","6,302.84","6,241.21","363.16M","1.36%"
"Aug 21, 2017","6,213.13","6,216.32","6,226.93","6,177.19","375.22M","-0.05%"
"Aug 18, 2017","6,216.53","6,222.46","6,254.22","6,193.38","469.44M","-0.09%"
"Aug 17, 2017","6,221.91","6,322.72","6,334.23","6,221.91","435.27M","-1.94%"
"Aug 16, 2017","6,345.11","6,348.11","6,374.56","6,330.27","396.20M","0.19%"
"Aug 15, 2017","6,333.01","6,350.51","6,350.74","6,324.75","368.07M","-0.11%"
"Aug 14, 2017","6,340.23","6,306.11","6,346.82","6,305.55","410.78M","1.34%"
"Aug 11, 2017","6,256.56","6,222.18","6,266.89","6,216.19","418.07M","0.64%"
"Aug 10, 2017","6,216.87","6,312.65","6,318.28","6,214.41","495.54M","-2.13%"
"Aug 09, 2017","6,352.33","6,322.92","6,355.04","6,309.44","469.74M","-0.28%"
"Aug 08, 2017","6,370.46","6,373.33","6,423.35","6,355.88","445.32M","-0.21%"
"Aug 07, 2017","6,383.77","6,361.06","6,386.03","6,356.23","408.69M","0.51%"
"Aug 04, 2017","6,351.56","6,350.79","6,361.49","6,329.73","443.76M","0.18%"
"Aug 03, 2017","6,340.34","6,366.24","6,368.53","6,331.14","476.05M","-0.35%"
"Aug 02, 2017","6,362.65","6,393.10","6,394.21","6,313.43","490.37M","-0.00%"
"Aug 01, 2017","6,362.94","6,372.16","6,375.75","6,345.75","426.55M","0.23%"
"Jul 31, 2017","6,348.12","6,394.69","6,396.59","6,338.78","485.92M","-0.42%"
"Jul 28, 2017","6,374.68","6,350.27","6,379.70","6,337.23","436.77M","-0.12%"
"Jul 27, 2017","6,382.19","6,459.76","6,460.84","6,318.62","564.93M","-0.63%"
"Jul 26, 2017","6,422.75","6,425.93","6,432.38","6,416.30","433.53M","0.16%"
"Jul 25, 2017","6,412.17","6,407.59","6,425.45","6,396.87","479.54M","0.02%"
"Jul 24, 2017","6,410.81","6,387.82","6,417.70","6,380.61","418.95M","0.36%"
"Jul 21, 2017","6,387.75","6,383.05","6,388.78","6,365.11","468.14M","-0.04%"
"Jul 20, 2017","6,390.00","6,396.46","6,398.26","6,365.68","414.71M","0.08%"
"Jul 19, 2017","6,385.04","6,363.24","6,387.73","6,362.19","423.94M","0.64%"
"Jul 18, 2017","6,344.31","6,304.82","6,344.55","6,291.07","388.97M","0.47%"
"Jul 17, 2017","6,314.43","6,320.35","6,330.97","6,307.34","367.32M","0.03%"
"Jul 14, 2017","6,312.47","6,289.08","6,321.76","6,278.70","364.80M","0.61%"
"Jul 13, 2017","6,274.44","6,269.10","6,281.45","6,251.26","423.33M","0.21%"
"Jul 12, 2017","6,261.17","6,238.90","6,265.64","6,236.82","424.25M","1.10%"
"Jul 11, 2017","6,193.31","6,171.25","6,200.58","6,149.87","426.66M","0.27%"
"Jul 10, 2017","6,176.39","6,156.03","6,191.27","6,141.83","409.75M","0.38%"
"Jul 07, 2017","6,153.08","6,111.21","6,164.94","6,111.21","397.25M","1.04%"
"Jul 06, 2017","6,089.46","6,109.60","6,127.98","6,081.96","514.78M","-1.00%"
"Jul 05, 2017","6,150.85","6,122.06","6,163.62","6,100.42","462.92M","0.67%"
"Jul 03, 2017","6,110.06","6,173.29","6,177.36","6,106.12","272.19M","-0.49%"
"Jun 30, 2017","6,140.42","6,166.84","6,170.63","6,129.04","501.47M","-0.06%"
"Jun 29, 2017","6,144.35","6,215.49","6,216.60","6,087.81","528.05M","-1.44%"
"Jun 28, 2017","6,234.41","6,173.10","6,238.29","6,144.80","461.44M","1.43%"
"Jun 27, 2017","6,146.62","6,227.90","6,234.32","6,146.62","490.36M","-1.61%"
"Jun 26, 2017","6,247.15","6,292.73","6,303.44","6,233.43","455.73M","-0.29%"
"Jun 23, 2017","6,265.25","6,234.35","6,269.37","6,218.78","1.46B","0.46%"
"Jun 22, 2017","6,236.69","6,239.15","6,257.68","6,221.96","471.36M","0.04%"
"Jun 21, 2017","6,233.95","6,202.75","6,236.66","6,200.86","491.84M","0.74%"
"Jun 20, 2017","6,188.03","6,229.62","6,234.01","6,186.94","488.69M","-0.82%"
"Jun 19, 2017","6,239.01","6,196.85","6,243.31","6,194.00","447.66M","1.42%"
"Jun 16, 2017","6,151.76","6,154.28","6,161.56","6,125.50","1.31B","-0.22%"
"Jun 15, 2017","6,165.50","6,127.05","6,170.15","6,107.85","436.59M","-0.47%"
"Jun 14, 2017","6,194.89","6,237.46","6,237.53","6,153.55","457.03M","-0.41%"
"Jun 13, 2017","6,220.37","6,206.11","6,226.41","6,180.04","525.01M","0.73%"
"Jun 12, 2017","6,175.47","6,153.56","6,183.81","6,110.66","604.27M","-0.52%"
"Jun 09, 2017","6,207.92","6,330.25","6,341.70","6,137.68","670.48M","-1.80%"
"Jun 08, 2017","6,321.76","6,311.73","6,324.06","6,282.93","484.13M","0.39%"
"Jun 07, 2017","6,297.38","6,290.44","6,302.78","6,267.18","432.54M","0.36%"
"Jun 06, 2017","6,275.06","6,281.88","6,304.21","6,269.86","430.50M","-0.33%"
"Jun 05, 2017","6,295.68","6,305.47","6,310.61","6,292.15","398.25M","-0.16%"
"Jun 02, 2017","6,305.80","6,261.59","6,308.76","6,253.77","454.57M","0.94%"
"Jun 01, 2017","6,246.83","6,215.91","6,247.07","6,200.45","502.29M","0.78%"
"May 31, 2017","6,198.52","6,221.62","6,221.99","6,164.07","697.15M","-0.08%"
"May 30, 2017","6,203.19","6,204.18","6,217.13","6,200.41","402.25M","-0.11%"
"May 26, 2017","6,210.19","6,207.04","6,211.52","6,196.66","373.96M","0.08%"
"May 25, 2017","6,205.26","6,183.02","6,217.34","6,174.52","417.08M","0.69%"
"May 24, 2017","6,163.02","6,154.18","6,166.09","6,139.33","400.25M","0.40%"
"May 23, 2017","6,138.71","6,149.55","6,150.91","6,121.79","407.73M","0.08%"
"May 22, 2017","6,133.62","6,098.25","6,135.92","6,097.24","421.95M","0.82%"
"May 19, 2017","6,083.70","6,070.23","6,106.55","6,070.23","517.15M","0.47%"
"May 18, 2017","6,055.13","5,998.46","6,073.45","5,996.81","511.17M","0.73%"
"May 17, 2017","6,011.24","6,108.62","6,122.87","6,009.48","565.78M","-2.57%"
"May 16, 2017","6,169.87","6,160.52","6,170.16","6,139.10","460.05M","0.33%"
"May 15, 2017","6,149.67","6,128.11","6,153.04","6,124.79","452.00M","0.46%"
"May 12, 2017","6,121.23","6,119.27","6,122.84","6,105.42","412.46M","0.09%"
"May 11, 2017","6,115.96","6,110.05","6,120.20","6,075.68","452.52M","-0.22%"
"May 10, 2017","6,129.14","6,121.64","6,131.64","6,103.87","482.51M","0.14%"
"May 09, 2017","6,120.59","6,111.82","6,133.00","6,107.59","466.70M","0.29%"
"May 08, 2017","6,102.66","6,100.66","6,106.12","6,083.06","459.30M","0.03%"
"May 05, 2017","6,100.76","6,091.69","6,100.76","6,067.15","443.62M","0.42%"
"May 04, 2017","6,075.34","6,075.06","6,080.82","6,054.32","481.85M","0.05%"
"May 03, 2017","6,072.55","6,075.04","6,076.96","6,053.28","498.86M","-0.37%"
"May 02, 2017","6,095.37","6,102.51","6,102.72","6,081.56","498.62M","0.06%"
"May 01, 2017","6,091.60","6,067.56","6,100.73","6,061.35","416.34M","0.73%"
"Apr 28, 2017","6,047.61","6,072.87","6,074.04","6,040.71","523.42M","-0.02%"
"Apr 27, 2017","6,048.94","6,038.47","6,050.70","6,031.59","461.83M","0.39%"
"Apr 26, 2017","6,025.23","6,028.12","6,040.89","6,021.72","454.58M","-0.00%"
"Apr 25, 2017","6,025.49","6,004.16","6,036.02","6,002.65","441.93M","0.70%"
"Apr 24, 2017","5,983.82","5,979.96","5,989.92","5,970.25","446.56M","1.24%"
"Apr 21, 2017","5,910.52","5,919.02","5,919.23","5,899.43","454.58M","-0.11%"
"Apr 20, 2017","5,916.78","5,887.87","5,926.23","5,880.19","417.89M","0.92%"
"Apr 19, 2017","5,863.03","5,874.43","5,894.68","5,856.34","415.53M","0.23%"
"Apr 18, 2017","5,849.47","5,838.59","5,860.04","5,828.57","391.18M","-0.12%"
"Apr 17, 2017","5,856.79","5,821.55","5,856.79","5,818.20","346.62M","0.89%"
"Apr 13, 2017","5,805.15","5,828.37","5,856.54","5,805.15","384.04M","-0.53%"
"Apr 12, 2017","5,836.16","5,863.59","5,868.09","5,830.44","408.74M","-0.52%"
"Apr 11, 2017","5,866.77","5,871.16","5,878.94","5,819.29","449.36M","-0.24%"
"Apr 10, 2017","5,880.93","5,883.43","5,907.85","5,865.56","389.31M","0.05%"
"Apr 07, 2017","5,877.81","5,873.94","5,892.07","5,855.51","414.27M","-0.02%"
"Apr 06, 2017","5,878.95","5,870.52","5,889.58","5,856.22","448.41M","0.25%"
"Apr 05, 2017","5,864.48","5,911.92","5,936.39","5,856.26","555.35M","-0.58%"
"Apr 04, 2017","5,898.61","5,878.76","5,901.39","5,878.76","445.39M","0.07%"
"Apr 03, 2017","5,894.68","5,917.31","5,928.93","5,867.73","453.50M","-0.29%"
"Mar 31, 2017","5,911.74","5,905.63","5,927.81","5,901.77","529.14M","-0.04%"
"Mar 30, 2017","5,914.34","5,896.15","5,916.77","5,894.00","396.49M","0.28%"
"Mar 29, 2017","5,897.55","5,875.35","5,900.87","5,870.93","397.14M","0.38%"
"Mar 28, 2017","5,875.14","5,836.50","5,888.70","5,828.86","437.23M","0.60%"
"Mar 27, 2017","5,840.37","5,776.33","5,849.20","5,769.39","410.07M","0.20%"
"Mar 24, 2017","5,828.74","5,839.33","5,858.95","5,807.83","456.99M","0.19%"
"Mar 23, 2017","5,817.69","5,812.31","5,842.82","5,806.98","414.69M","-0.07%"
"Mar 22, 2017","5,821.64","5,790.59","5,825.67","5,781.81","442.89M","0.48%"
"Mar 21, 2017","5,793.82","5,923.43","5,928.06","5,790.73","528.08M","-1.83%"
"Mar 20, 2017","5,901.53","5,898.81","5,915.12","5,888.12","407.11M","0.01%"
"Mar 17, 2017","5,901.00","5,898.58","5,912.61","5,890.42","1.35B","0.00%"
"Mar 16, 2017","5,900.76","5,907.86","5,911.48","5,887.24","412.39M","0.01%"
"Mar 15, 2017","5,900.05","5,869.97","5,911.20","5,858.16","468.32M","0.74%"
"Mar 14, 2017","5,856.82","5,860.07","5,860.50","5,831.88","390.46M","-0.32%"
"Mar 13, 2017","5,875.78","5,863.48","5,877.43","5,860.83","405.74M","0.24%"
"Mar 10, 2017","5,861.73","5,867.16","5,872.60","5,835.44","476.86M","0.39%"
"Mar 09, 2017","5,838.81","5,834.67","5,852.54","5,812.08","423.01M","0.02%"
"Mar 08, 2017","5,837.55","5,838.44","5,860.63","5,832.63","422.94M","0.06%"
"Mar 07, 2017","5,833.93","5,836.12","5,859.77","5,826.32","418.89M","-0.26%"
"Mar 06, 2017","5,849.18","5,846.42","5,857.74","5,827.46","412.85M","-0.37%"
"Mar 03, 2017","5,870.75","5,854.27","5,870.75","5,841.47","424.84M","0.16%"
"Mar 02, 2017","5,861.22","5,897.01","5,897.01","5,856.30","454.31M","-0.73%"
"Mar 01, 2017","5,904.03","5,874.86","5,911.79","5,865.79","522.79M","1.35%"
"Feb 28, 2017","5,825.44","5,852.79","5,855.06","5,817.22","620.83M","-0.62%"
"Feb 27, 2017","5,861.90","5,835.04","5,861.90","5,827.00","447.06M","0.28%"
"Feb 24, 2017","5,845.31","5,802.33","5,845.31","5,800.55","419.25M","0.17%"
"Feb 23, 2017","5,835.51","5,866.82","5,866.96","5,809.55","444.62M","-0.43%"
"Feb 22, 2017","5,860.63","5,857.56","5,864.41","5,848.28","422.84M","-0.09%"
"Feb 21, 2017","5,865.95","5,850.20","5,867.89","5,847.50","453.57M","0.47%"
"Feb 17, 2017","5,838.58","5,807.31","5,838.58","5,800.80","500.75M","0.41%"
"Feb 16, 2017","5,814.90","5,823.01","5,835.15","5,796.71","441.52M","-0.08%"
"Feb 15, 2017","5,819.44","5,777.90","5,821.95","5,776.70","450.50M","0.64%"
"Feb 14, 2017","5,782.57","5,756.51","5,783.09","5,748.74","431.56M","0.32%"
"Feb 13, 2017","5,763.96","5,753.19","5,770.99","5,751.92","404.16M","0.52%"
"Feb 10, 2017","5,734.13","5,726.18","5,743.43","5,717.42","421.00M","0.33%"
"Feb 09, 2017","5,715.18","5,688.02","5,722.71","5,685.15","439.63M","0.58%"
"Feb 08, 2017","5,682.45","5,662.95","5,686.96","5,649.39","444.98M","0.15%"
"Feb 07, 2017","5,674.22","5,674.86","5,689.60","5,664.82","440.96M","0.19%"
"Feb 06, 2017","5,663.55","5,656.95","5,668.20","5,650.26","397.57M","-0.06%"
"Feb 03, 2017","5,666.77","5,650.73","5,666.84","5,647.58","411.17M","0.54%"
"Feb 02, 2017","5,636.20","5,627.15","5,656.01","5,616.40","471.57M","-0.11%"
"Feb 01, 2017","5,642.65","5,654.51","5,662.11","5,621.03","499.98M","0.50%"
"Jan 31, 2017","5,614.79","5,592.87","5,615.15","5,576.09","506.36M","0.02%"
"Jan 30, 2017","5,613.71","5,635.86","5,636.09","5,578.76","417.27M","-0.83%"
"Jan 27, 2017","5,660.78","5,664.88","5,667.45","5,643.90","386.97M","0.10%"
"Jan 26, 2017","5,655.18","5,666.28","5,669.61","5,647.65","426.44M","-0.02%"
"Jan 25, 2017","5,656.34","5,635.86","5,658.59","5,634.33","435.79M","0.99%"
"Jan 24, 2017","5,600.96","5,568.27","5,606.53","5,558.49","409.12M","0.86%"
"Jan 23, 2017","5,552.94","5,546.64","5,564.14","5,522.69","389.91M","-0.04%"
"Jan 20, 2017","5,555.33","5,556.87","5,574.35","5,542.23","444.46M","0.28%"
"Jan 19, 2017","5,540.08","5,560.61","5,571.53","5,528.37","398.66M","-0.28%"
"Jan 18, 2017","5,555.65","5,546.94","5,555.98","5,534.77","380.31M","0.31%"
"Jan 17, 2017","5,538.73","5,555.16","5,557.05","5,527.22","415.58M","-0.63%"
"Jan 13, 2017","5,574.12","5,557.57","5,584.26","5,557.20","357.66M","0.48%"
"Jan 12, 2017","5,547.49","5,542.56","5,550.67","5,496.82","394.73M","-0.29%"
"Jan 11, 2017","5,563.65","5,550.72","5,564.08","5,524.03","435.71M","0.21%"
"Jan 10, 2017","5,551.82","5,536.54","5,564.25","5,528.11","431.57M","0.36%"
"Jan 09, 2017","5,531.82","5,527.57","5,541.08","5,517.14","433.10M","0.19%"
"Jan 06, 2017","5,521.06","5,499.08","5,536.52","5,482.81","382.85M","0.60%"
"Jan 05, 2017","5,487.94","5,474.39","5,495.85","5,464.36","423.64M","0.20%"
"Jan 04, 2017","5,477.01","5,440.91","5,482.35","5,440.24","455.34M","0.88%"
"Jan 03, 2017","5,429.08","5,425.62","5,452.56","5,397.99","450.68M","0.85%"
"Dec 30, 2016","5,383.12","5,440.17","5,441.90","5,371.89","395.59M","-0.90%"
"Dec 29, 2016","5,432.09","5,437.51","5,450.63","5,415.18","289.60M","-0.12%"
"Dec 28, 2016","5,438.56","5,497.44","5,498.91","5,434.70","294.74M","-0.89%"
"Dec 27, 2016","5,487.44","5,470.76","5,512.37","5,469.61","269.42M","0.45%"
"Dec 23, 2016","5,462.69","5,441.76","5,462.69","5,441.76","264.11M","0.28%"
"Dec 22, 2016","5,447.42","5,472.01","5,472.01","5,432.77","362.87M","-0.44%"
"Dec 21, 2016","5,471.43","5,482.63","5,486.26","5,465.31","336.01M","-0.23%"
"Dec 20, 2016","5,483.94","5,473.53","5,489.47","5,471.71","395.33M","0.49%"
"Dec 19, 2016","5,457.44","5,441.20","5,483.42","5,436.54","402.71M","0.37%"
"Dec 16, 2016","5,437.16","5,467.82","5,474.58","5,426.01","1.19B","-0.36%"
"Dec 15, 2016","5,456.85","5,443.51","5,485.12","5,439.39","486.60M","0.37%"
"Dec 14, 2016","5,436.67","5,465.69","5,476.25","5,425.73","462.23M","-0.50%"
"Dec 13, 2016","5,463.83","5,433.57","5,486.75","5,430.72","470.73M","0.95%"
"Dec 12, 2016","5,412.54","5,428.22","5,434.90","5,394.42","450.45M","-0.59%"
"Dec 09, 2016","5,444.50","5,436.11","5,450.16","5,427.12","436.08M","0.50%"
"Dec 08, 2016","5,417.36","5,394.15","5,425.52","5,389.10","494.46M","0.44%"
"Dec 07, 2016","5,393.76","5,322.67","5,397.93","5,307.31","484.56M","1.14%"
"Dec 06, 2016","5,333.00","5,317.74","5,333.99","5,299.94","438.30M","0.45%"
"Dec 05, 2016","5,308.89","5,283.58","5,321.09","5,269.57","435.66M","1.01%"
"Dec 02, 2016","5,255.65","5,249.02","5,274.54","5,239.27","431.83M","0.09%"
"Dec 01, 2016","5,251.11","5,323.88","5,326.34","5,238.21","526.21M","-1.36%"
"Nov 30, 2016","5,323.68","5,391.35","5,393.15","5,323.68","580.79M","-1.05%"
"Nov 29, 2016","5,379.92","5,370.98","5,403.86","5,360.56","440.16M","0.21%"
"Nov 28, 2016","5,368.81","5,387.92","5,396.27","5,364.91","390.77M","-0.56%"
"Nov 25, 2016","5,398.92","5,388.49","5,398.92","5,379.28","197.46M","0.34%"
"Nov 23, 2016","5,380.68","5,366.55","5,380.68","5,350.68","385.75M","-0.11%"
"Nov 22, 2016","5,386.35","5,384.75","5,392.26","5,365.60","433.19M","0.33%"
"Nov 21, 2016","5,368.86","5,336.78","5,369.83","5,334.16","411.24M","0.89%"
"Nov 18, 2016","5,321.51","5,340.97","5,346.80","5,315.53","480.19M","-0.23%"
"Nov 17, 2016","5,333.97","5,295.07","5,334.05","5,288.16","463.15M","0.74%"
"Nov 16, 2016","5,294.58","5,253.73","5,299.63","5,251.88","462.54M","0.36%"
"Nov 15, 2016","5,275.62","5,241.35","5,287.06","5,236.25","493.91M","1.10%"
"Nov 14, 2016","5,218.40","5,246.33","5,247.17","5,192.05","537.26M","-0.36%"
"Nov 11, 2016","5,237.11","5,191.82","5,241.08","5,179.64","561.97M","0.54%"
"Nov 10, 2016","5,208.80","5,283.48","5,302.68","5,145.32","695.55M","-0.80%"
"Nov 09, 2016","5,251.07","5,143.86","5,258.99","5,143.86","673.59M","1.11%"
"Nov 08, 2016","5,193.49","5,154.99","5,214.17","5,145.30","395.69M","0.53%"
"Nov 07, 2016","5,166.17","5,128.99","5,169.41","5,122.77","456.10M","2.37%"
"Nov 04, 2016","5,046.37","5,034.41","5,087.51","5,034.41","478.36M","-0.24%"
"Nov 03, 2016","5,058.41","5,104.70","5,115.06","5,053.52","471.92M","-0.92%"
"Nov 02, 2016","5,105.57","5,147.27","5,156.70","5,097.56","469.03M","-0.93%"
"Nov 01, 2016","5,153.58","5,199.77","5,201.13","5,112.32","430.72M","-0.69%"
"Oct 31, 2016","5,189.14","5,205.09","5,206.70","5,186.56","434.89M","-0.02%"
"Oct 28, 2016","5,190.10","5,203.70","5,232.35","5,178.76","426.51M","-0.50%"
"Oct 27, 2016","5,215.97","5,272.19","5,274.12","5,211.75","434.94M","-0.65%"
"Oct 26, 2016","5,250.27","5,256.40","5,280.85","5,237.05","374.48M","-0.63%"
"Oct 25, 2016","5,283.40","5,306.47","5,310.27","5,278.57","348.72M","-0.50%"
"Oct 24, 2016","5,309.83","5,290.31","5,311.50","5,289.23","349.69M","1.00%"
"Oct 21, 2016","5,257.40","5,238.65","5,259.12","5,225.76","396.38M","0.30%"
"Oct 20, 2016","5,241.83","5,238.20","5,252.10","5,216.05","383.97M","-0.09%"
"Oct 19, 2016","5,246.41","5,240.33","5,253.83","5,234.25","344.43M","0.05%"
"Oct 18, 2016","5,243.84","5,255.32","5,264.27","5,239.44","325.86M","0.85%"
"Oct 17, 2016","5,199.82","5,213.69","5,219.98","5,196.03","326.32M","-0.28%"
"Oct 14, 2016","5,214.16","5,241.26","5,258.88","5,213.37","361.33M","0.02%"
"Oct 13, 2016","5,213.33","5,200.30","5,228.26","5,169.76","385.74M","-0.49%"
"Oct 12, 2016","5,239.02","5,247.91","5,257.18","5,228.77","340.52M","-0.15%"
"Oct 11, 2016","5,246.79","5,321.82","5,321.82","5,227.43","416.77M","-1.54%"
"Oct 10, 2016","5,328.67","5,318.46","5,340.52","5,317.73","321.13M","0.69%"
"Oct 07, 2016","5,292.40","5,314.92","5,315.65","5,266.80","407.15M","-0.27%"
"Oct 06, 2016","5,306.85","5,306.59","5,315.73","5,281.47","402.08M","-0.17%"
"Oct 05, 2016","5,316.02","5,305.28","5,330.81","5,304.06","422.05M","0.50%"
"Oct 04, 2016","5,289.66","5,313.49","5,323.60","5,271.70","392.87M","-0.21%"
"Oct 03, 2016","5,300.87","5,300.29","5,308.60","5,281.95","370.99M","-0.21%"
"Sep 30, 2016","5,312.00","5,288.87","5,325.88","5,277.88","555.18M","0.81%"
"Sep 29, 2016","5,269.15","5,311.31","5,317.00","5,254.52","437.78M","-0.93%"
"Sep 28, 2016","5,318.55","5,312.73","5,320.62","5,284.84","398.16M","0.24%"
"Sep 27, 2016","5,305.71","5,254.18","5,306.81","5,251.32","392.69M","0.92%"
"Sep 26, 2016","5,257.49","5,275.73","5,282.27","5,254.96","376.06M","-0.91%"
"Sep 23, 2016","5,305.75","5,327.43","5,329.71","5,301.63","406.33M","-0.63%"
"Sep 22, 2016","5,339.52","5,323.26","5,342.88","5,320.93","415.83M","0.84%"
"Sep 21, 2016","5,295.18","5,263.65","5,299.40","5,233.94","446.65M","1.03%"
"Sep 20, 2016","5,241.35","5,256.19","5,265.18","5,235.42","379.36M","0.12%"
"Sep 19, 2016","5,235.03","5,263.55","5,281.07","5,222.91","400.16M","-0.18%"
"Sep 16, 2016","5,244.57","5,238.71","5,248.60","5,218.97","1.11B","-0.10%"
"Sep 15, 2016","5,249.69","5,178.10","5,254.78","5,176.25","437.68M","1.47%"
"Sep 14, 2016","5,173.77","5,160.21","5,201.34","5,159.55","421.65M","0.36%"
"Sep 13, 2016","5,155.26","5,181.14","5,195.02","5,131.27","456.69M","-1.09%"
"Sep 12, 2016","5,211.89","5,098.03","5,217.88","5,097.80","464.62M","1.68%"
"Sep 09, 2016","5,125.91","5,217.95","5,225.94","5,125.91","508.59M","-2.54%"
"Sep 08, 2016","5,259.48","5,269.96","5,271.01","5,248.41","412.37M","-0.46%"
"Sep 07, 2016","5,283.93","5,274.23","5,287.61","5,261.92","459.36M","0.15%"
"Sep 06, 2016","5,275.91","5,259.99","5,275.91","5,244.00","421.08M","0.50%"
"Sep 02, 2016","5,249.90","5,249.66","5,263.39","5,231.02","351.35M","0.43%"
"Sep 01, 2016","5,227.21","5,218.28","5,229.94","5,189.36","376.35M","0.27%"
"Aug 31, 2016","5,213.22","5,216.42","5,219.89","5,191.18","486.24M","-0.19%"
"Aug 30, 2016","5,222.99","5,229.88","5,241.62","5,205.61","374.16M","-0.18%"
"Aug 29, 2016","5,232.33","5,223.80","5,245.12","5,222.34","324.63M","0.26%"
"Aug 26, 2016","5,218.92","5,219.05","5,253.39","5,191.86","361.69M","0.13%"
"Aug 25, 2016","5,212.20","5,207.61","5,230.59","5,201.64","338.21M","-0.11%"
"Aug 24, 2016","5,217.69","5,254.42","5,262.99","5,205.64","380.49M","-0.81%"
"Aug 23, 2016","5,260.08","5,265.78","5,275.74","5,257.90","350.84M","0.30%"
"Aug 22, 2016","5,244.60","5,231.46","5,252.13","5,224.63","347.30M","0.12%"
"Aug 19, 2016","5,238.38","5,229.87","5,245.81","5,217.65","408.44M","-0.03%"
"Aug 18, 2016","5,240.15","5,226.45","5,243.17","5,221.84","377.74M","0.22%"
"Aug 17, 2016","5,228.66","5,228.44","5,230.09","5,197.23","361.66M","0.03%"
"Aug 16, 2016","5,227.11","5,247.96","5,248.26","5,226.78","385.30M","-0.66%"
"Aug 15, 2016","5,262.02","5,242.18","5,271.36","5,241.14","350.65M","0.56%"
"Aug 12, 2016","5,232.90","5,219.66","5,233.34","5,215.55","338.98M","0.09%"
"Aug 11, 2016","5,228.40","5,222.15","5,235.29","5,211.25","344.26M","0.46%"
"Aug 10, 2016","5,204.59","5,227.95","5,227.96","5,193.80","380.41M","-0.40%"
"Aug 09, 2016","5,225.48","5,216.21","5,238.54","5,214.95","358.07M","0.24%"
"Aug 08, 2016","5,213.14","5,223.54","5,228.40","5,202.18","370.90M","-0.15%"
"Aug 05, 2016","5,221.12","5,190.71","5,227.23","5,186.24","439.90M","1.06%"
"Aug 04, 2016","5,166.25","5,158.02","5,174.00","5,145.39","398.61M","0.13%"
"Aug 03, 2016","5,159.74","5,133.24","5,159.74","5,128.44","415.75M","0.43%"
"Aug 02, 2016","5,137.73","5,177.53","5,181.02","5,109.80","470.89M","-0.90%"
"Aug 01, 2016","5,184.20","5,167.42","5,199.13","5,158.93","420.98M","0.43%"
"Jul 29, 2016","5,162.13","5,162.15","5,175.81","5,140.05","571.66M","0.14%"
"Jul 28, 2016","5,154.98","5,144.82","5,160.16","5,130.75","424.08M","0.30%"
"Jul 27, 2016","5,139.81","5,143.84","5,151.06","5,120.66","470.66M","0.58%"
"Jul 26, 2016","5,110.05","5,095.61","5,122.30","5,084.18","428.74M","0.24%"
"Jul 25, 2016","5,097.63","5,096.99","5,100.72","5,082.66","371.48M","-0.05%"
"Jul 22, 2016","5,100.16","5,078.12","5,103.52","5,064.11","357.67M","0.52%"
"Jul 21, 2016","5,073.90","5,093.97","5,102.78","5,061.11","384.26M","-0.31%"
"Jul 20, 2016","5,089.93","5,061.60","5,098.25","5,053.92","375.16M","1.06%"
"Jul 19, 2016","5,036.37","5,038.22","5,052.24","5,028.24","362.67M","-0.38%"
"Jul 18, 2016","5,055.78","5,034.99","5,063.53","5,030.13","332.33M","0.52%"
"Jul 15, 2016","5,029.59","5,041.19","5,044.81","5,018.52","395.58M","-0.09%"
"Jul 14, 2016","5,034.06","5,041.95","5,045.18","5,025.15","348.81M","0.57%"
"Jul 13, 2016","5,005.73","5,036.32","5,036.39","5,002.82","373.97M","-0.34%"
"Jul 12, 2016","5,022.82","5,017.99","5,032.10","5,009.68","417.28M","0.69%"
"Jul 11, 2016","4,988.64","4,976.54","5,002.50","4,976.54","386.48M","0.64%"
"Jul 08, 2016","4,956.76","4,906.66","4,959.00","4,901.27","433.26M","1.64%"
"Jul 07, 2016","4,876.81","4,867.47","4,889.01","4,853.68","352.30M","0.36%"
"Jul 06, 2016","4,859.16","4,799.32","4,861.05","4,786.01","436.56M","0.75%"
"Jul 05, 2016","4,822.90","4,837.06","4,839.13","4,797.29","406.89M","-0.82%"
"Jul 01, 2016","4,862.57","4,837.18","4,880.17","4,837.17","380.07M","0.41%"
"Jun 30, 2016","4,842.67","4,793.75","4,843.11","4,774.52","574.07M","1.33%"
"Jun 29, 2016","4,779.24","4,732.93","4,787.59","4,732.34","466.31M","1.86%"
"Jun 28, 2016","4,691.87","4,643.93","4,692.98","4,643.93","470.19M","2.12%"
"Jun 27, 2016","4,594.44","4,664.43","4,665.04","4,574.25","619.73M","-2.41%"
"Jun 24, 2016","4,707.98","4,715.80","4,798.22","4,698.42","1.52B","-4.12%"
"Jun 23, 2016","4,910.04","4,872.19","4,910.04","4,859.40","398.65M","1.59%"
"Jun 22, 2016","4,833.32","4,846.68","4,875.93","4,830.00","376.04M","-0.22%"
"Jun 21, 2016","4,843.76","4,845.09","4,852.19","4,826.59","391.14M","0.14%"
"Jun 20, 2016","4,837.21","4,856.69","4,882.15","4,834.51","412.67M","0.77%"
"Jun 17, 2016","4,800.34","4,835.02","4,835.02","4,792.34","1.01B","-0.92%"
"Jun 16, 2016","4,844.91","4,809.69","4,847.86","4,778.78","389.89M","0.21%"
"Jun 15, 2016","4,834.93","4,855.08","4,868.16","4,830.33","402.22M","-0.18%"
"Jun 14, 2016","4,843.55","4,836.67","4,863.01","4,811.93","401.84M","-0.10%"
"Jun 13, 2016","4,848.44","4,868.51","4,894.85","4,844.94","420.34M","-0.94%"
"Jun 10, 2016","4,894.55","4,915.15","4,917.92","4,880.61","402.18M","-1.29%"
"Jun 09, 2016","4,958.62","4,954.15","4,965.49","4,940.55","361.93M","-0.32%"
"Jun 08, 2016","4,974.64","4,970.01","4,979.66","4,956.79","367.54M","0.26%"
"Jun 07, 2016","4,961.75","4,972.14","4,979.38","4,960.28","391.05M","-0.14%"
"Jun 06, 2016","4,968.71","4,950.46","4,980.14","4,944.87","385.15M","0.53%"
"Jun 03, 2016","4,942.52","4,958.10","4,958.65","4,909.21","382.23M","-0.58%"
"Jun 02, 2016","4,971.36","4,941.25","4,971.36","4,924.23","386.10M","0.39%"
"Jun 01, 2016","4,952.25","4,928.97","4,958.98","4,923.20","423.30M","0.08%"
"May 31, 2016","4,948.06","4,938.48","4,951.45","4,923.03","711.67M","0.29%"
"May 27, 2016","4,933.51","4,904.05","4,933.51","4,902.50","363.02M","0.65%"
"May 26, 2016","4,901.77","4,897.78","4,909.38","4,887.27","354.80M","0.14%"
"May 25, 2016","4,894.89","4,877.18","4,905.45","4,872.42","397.17M","0.70%"
"May 24, 2016","4,861.06","4,792.85","4,865.99","4,792.63","433.12M","2.00%"
"May 23, 2016","4,765.78","4,771.57","4,792.64","4,763.91","410.29M","-0.08%"
"May 20, 2016","4,769.56","4,729.44","4,781.70","4,729.00","484.07M","1.21%"
"May 19, 2016","4,712.53","4,717.36","4,735.27","4,678.38","405.76M","-0.56%"
"May 18, 2016","4,739.12","4,705.78","4,762.28","4,704.49","445.26M","0.50%"
"May 17, 2016","4,715.73","4,768.85","4,776.15","4,703.39","472.99M","-1.25%"
"May 16, 2016","4,775.46","4,728.86","4,791.25","4,724.73","419.40M","1.22%"
"May 13, 2016","4,717.68","4,731.07","4,759.29","4,708.26","407.81M","-0.41%"
"May 12, 2016","4,737.33","4,778.19","4,779.46","4,710.16","447.76M","-0.49%"
"May 11, 2016","4,760.69","4,799.30","4,812.19","4,760.36","417.00M","-1.02%"
"May 10, 2016","4,809.88","4,768.91","4,811.30","4,758.20","401.00M","1.26%"
"May 09, 2016","4,750.21","4,736.35","4,771.94","4,735.06","395.51M","0.30%"
"May 06, 2016","4,736.15","4,695.90","4,736.15","4,684.28","441.06M","0.40%"
"May 05, 2016","4,717.09","4,742.42","4,744.55","4,709.75","448.69M","-0.18%"
"May 04, 2016","4,725.64","4,735.28","4,751.64","4,713.91","469.20M","-0.79%"
"May 03, 2016","4,763.22","4,780.88","4,791.43","4,749.71","445.57M","-1.13%"
"May 02, 2016","4,817.59","4,786.55","4,821.57","4,768.28","435.63M","0.88%"
"Apr 29, 2016","4,775.36","4,805.79","4,807.89","4,740.84","602.09M","-0.62%"
"Apr 28, 2016","4,805.29","4,857.60","4,889.16","4,796.32","478.62M","-1.19%"
"Apr 27, 2016","4,863.14","4,855.38","4,872.91","4,826.38","441.73M","-0.51%"
"Apr 26, 2016","4,888.28","4,903.81","4,915.00","4,875.42","417.36M","-0.15%"
"Apr 25, 2016","4,895.79","4,891.48","4,904.87","4,878.37","369.67M","-0.21%"
"Apr 22, 2016","4,906.23","4,898.24","4,921.66","4,872.02","489.17M","-0.80%"
"Apr 21, 2016","4,945.89","4,949.12","4,966.61","4,932.64","383.40M","-0.05%"
"Apr 20, 2016","4,948.13","4,941.99","4,969.32","4,928.29","394.43M","0.16%"
"Apr 19, 2016","4,940.33","4,968.30","4,968.67","4,915.52","413.23M","-0.40%"
"Apr 18, 2016","4,960.02","4,919.36","4,960.79","4,915.63","370.38M","0.44%"
"Apr 15, 2016","4,938.22","4,938.83","4,950.43","4,925.46","432.04M","-0.16%"
"Apr 14, 2016","4,945.89","4,947.62","4,961.30","4,931.81","369.79M","-0.03%"
"Apr 13, 2016","4,947.42","4,904.79","4,951.91","4,903.60","431.41M","1.55%"
"Apr 12, 2016","4,872.09","4,838.81","4,879.60","4,808.91","385.61M","0.80%"
"Apr 11, 2016","4,833.40","4,873.39","4,897.55","4,833.40","361.58M","-0.36%"
"Apr 08, 2016","4,850.69","4,883.99","4,892.60","4,835.36","367.47M","0.05%"
"Apr 07, 2016","4,848.37","4,893.57","4,901.49","4,831.49","452.84M","-1.47%"
"Apr 06, 2016","4,920.72","4,849.57","4,921.51","4,849.28","402.78M","1.59%"
"Apr 05, 2016","4,843.93","4,855.90","4,872.70","4,838.62","430.35M","-0.98%"
"Apr 04, 2016","4,891.80","4,911.22","4,917.75","4,885.17","386.30M","-0.46%"
"Apr 01, 2016","4,914.54","4,842.55","4,917.09","4,832.06","443.37M","0.92%"
"Mar 31, 2016","4,869.85","4,869.57","4,891.30","4,864.41","452.45M","0.01%"
"Mar 30, 2016","4,869.29","4,875.46","4,899.14","4,859.35","388.83M","0.47%"
"Mar 29, 2016","4,846.62","4,756.55","4,849.31","4,749.78","453.24M","1.67%"
"Mar 28, 2016","4,766.79","4,785.25","4,787.39","4,760.01","336.93M","-0.14%"
"Mar 24, 2016","4,773.51","4,743.36","4,773.51","4,734.77","383.91M","0.10%"
"Mar 23, 2016","4,768.86","4,813.87","4,816.67","4,765.37","399.92M","-1.10%"
"Mar 22, 2016","4,821.66","4,783.60","4,835.60","4,781.71","373.16M","0.27%"
"Mar 21, 2016","4,808.87","4,787.31","4,814.85","4,785.38","375.80M","0.28%"
"Mar 18, 2016","4,795.65","4,784.63","4,804.58","4,772.41","1.14B","0.43%"
"Mar 17, 2016","4,774.98","4,752.62","4,788.09","4,737.97","435.04M","0.23%"
"Mar 16, 2016","4,763.97","4,717.88","4,774.78","4,716.45","402.69M","0.75%"
"Mar 15, 2016","4,728.67","4,731.14","4,735.27","4,712.07","397.35M","-0.45%"
"Mar 14, 2016","4,750.28","4,733.39","4,762.27","4,731.51","379.76M","0.04%"
"Mar 11, 2016","4,748.47","4,712.38","4,748.79","4,700.91","416.03M","1.85%"
"Mar 10, 2016","4,662.16","4,691.20","4,716.14","4,607.99","439.52M","-0.26%"
"Mar 09, 2016","4,674.38","4,666.42","4,676.47","4,642.42","410.13M","0.55%"
"Mar 08, 2016","4,648.82","4,676.22","4,695.03","4,642.86","467.11M","-1.26%"
"Mar 07, 2016","4,708.25","4,690.88","4,731.19","4,674.82","486.23M","-0.19%"
"Mar 04, 2016","4,717.02","4,715.77","4,746.65","4,687.94","510.77M","0.20%"
"Mar 03, 2016","4,707.42","4,698.38","4,707.72","4,674.46","444.92M","0.09%"
"Mar 02, 2016","4,703.42","4,683.80","4,703.57","4,665.93","452.45M","0.29%"
"Mar 01, 2016","4,689.60","4,596.01","4,689.60","4,581.75","507.41M","2.89%"
"Feb 29, 2016","4,557.95","4,585.30","4,619.90","4,557.46","565.97M","-0.71%"
"Feb 26, 2016","4,590.47","4,615.14","4,618.85","4,580.78","438.38M","0.18%"
"Feb 25, 2016","4,582.20","4,554.73","4,582.20","4,516.89","392.23M","0.87%"
"Feb 24, 2016","4,542.61","4,453.93","4,547.64","4,425.72","452.41M","0.87%"
"Feb 23, 2016","4,503.58","4,550.05","4,558.06","4,500.94","388.34M","-1.47%"
"Feb 22, 2016","4,570.61","4,548.31","4,576.47","4,546.55","427.62M","1.47%"
"Feb 19, 2016","4,504.43","4,464.67","4,513.15","4,455.10","488.38M","0.38%"
"Feb 18, 2016","4,487.54","4,548.10","4,548.47","4,482.77","472.55M","-1.03%"
"Feb 17, 2016","4,534.06","4,471.66","4,540.78","4,463.51","576.51M","2.21%"
"Feb 16, 2016","4,435.95","4,397.95","4,435.95","4,376.52","553.80M","2.27%"
"Feb 12, 2016","4,337.51","4,307.29","4,340.13","4,274.15","506.31M","1.66%"
"Feb 11, 2016","4,266.84","4,218.81","4,293.22","4,209.76","688.73M","-0.39%"
"Feb 10, 2016","4,283.59","4,318.28","4,369.62","4,280.73","561.08M","0.35%"
"Feb 09, 2016","4,268.76","4,224.87","4,329.61","4,222.48","579.16M","-0.35%"
"Feb 08, 2016","4,283.75","4,288.02","4,301.53","4,212.81","673.87M","-1.82%"
"Feb 05, 2016","4,363.14","4,491.48","4,493.19","4,350.38","636.44M","-3.25%"
"Feb 04, 2016","4,509.56","4,492.48","4,545.52","4,463.99","543.90M","0.12%"
"Feb 03, 2016","4,504.24","4,543.82","4,547.32","4,424.47","577.23M","-0.28%"
"Feb 02, 2016","4,516.95","4,588.69","4,589.90","4,503.12","511.64M","-2.24%"
"Feb 01, 2016","4,620.37","4,587.59","4,636.93","4,565.38","480.04M","0.14%"
"Jan 29, 2016","4,613.95","4,512.09","4,613.95","4,511.30","754.58M","2.38%"
"Jan 28, 2016","4,506.68","4,533.81","4,533.81","4,447.50","545.17M","0.86%"
"Jan 27, 2016","4,468.17","4,548.87","4,568.85","4,450.83","513.42M","-2.18%"
"Jan 26, 2016","4,567.67","4,537.04","4,583.21","4,503.52","461.53M","1.09%"
"Jan 25, 2016","4,518.49","4,574.60","4,590.44","4,514.78","483.49M","-1.58%"
"Jan 22, 2016","4,591.18","4,557.39","4,591.18","4,540.27","523.81M","2.66%"
"Jan 21, 2016","4,472.06","4,480.70","4,537.15","4,432.02","567.90M","0.01%"
"Jan 20, 2016","4,471.69","4,405.22","4,514.92","4,313.39","716.73M","-0.12%"
"Jan 19, 2016","4,476.95","4,548.05","4,550.57","4,430.77","572.07M","-0.26%"
"Jan 15, 2016","4,488.42","4,464.37","4,520.45","4,419.41","739.41M","-2.74%"
"Jan 14, 2016","4,615.00","4,545.37","4,650.55","4,470.59","593.87M","1.97%"
"Jan 13, 2016","4,526.06","4,706.02","4,713.98","4,517.56","570.19M","-3.41%"
"Jan 12, 2016","4,685.92","4,681.54","4,714.80","4,618.03","498.55M","1.03%"
"Jan 11, 2016","4,637.99","4,673.44","4,683.02","4,573.77","528.17M","-0.12%"
"Jan 08, 2016","4,643.63","4,722.02","4,742.57","4,637.85","540.57M","-0.98%"
"Jan 07, 2016","4,689.43","4,736.40","4,788.02","4,688.17","590.07M","-3.03%"
"Jan 06, 2016","4,835.77","4,813.76","4,866.04","4,804.69","501.75M","-1.14%"
"Jan 05, 2016","4,891.43","4,917.84","4,926.73","4,872.74","428.07M","-0.24%"
"Jan 04, 2016","4,903.09","4,897.65","4,903.09","4,846.98","569.79M","-2.08%"
"Dec 31, 2015","5,007.41","5,047.04","5,058.06","5,007.01","384.40M","-1.15%"
"Dec 30, 2015","5,065.85","5,101.18","5,102.35","5,065.69","270.26M","-0.82%"
"Dec 29, 2015","5,107.94","5,066.52","5,116.99","5,065.89","296.09M","1.33%"
"Dec 28, 2015","5,040.98","5,032.29","5,041.27","4,999.07","299.29M","-0.15%"
"Dec 24, 2015","5,048.49","5,046.19","5,063.28","5,043.65","172.22M","0.05%"
"Dec 23, 2015","5,045.93","5,025.55","5,046.09","5,020.44","354.60M","0.90%"
"Dec 22, 2015","5,001.11","4,988.68","5,007.77","4,964.08","346.17M","0.65%"
"Dec 21, 2015","4,968.92","4,957.53","4,968.92","4,928.93","393.92M","0.93%"
"Dec 18, 2015","4,923.08","4,982.58","4,996.49","4,921.33","1.52B","-1.59%"
"Dec 17, 2015","5,002.55","5,087.17","5,088.57","5,002.55","427.95M","-1.35%"
"Dec 16, 2015","5,071.13","5,033.48","5,078.99","4,992.63","443.74M","1.52%"
"Dec 15, 2015","4,995.36","4,991.21","5,026.54","4,986.99","449.30M","0.87%"
"Dec 14, 2015","4,952.23","4,932.61","4,953.60","4,871.59","496.83M","0.38%"
"Dec 11, 2015","4,933.47","4,979.77","4,996.19","4,928.67","475.11M","-2.21%"
"Dec 10, 2015","5,045.17","5,026.30","5,075.65","5,019.31","388.23M","0.44%"
"Dec 09, 2015","5,022.86","5,077.21","5,106.36","5,000.12","442.49M","-1.48%"
"Dec 08, 2015","5,098.24","5,050.52","5,111.73","5,045.73","417.62M","-0.07%"
"Dec 07, 2015","5,101.81","5,139.46","5,139.78","5,082.23","436.58M","-0.79%"
"Dec 04, 2015","5,142.27","5,050.93","5,147.00","5,043.49","440.75M","2.08%"
"Dec 03, 2015","5,037.53","5,143.15","5,144.60","5,011.72","486.60M","-1.67%"
"Dec 02, 2015","5,123.22","5,158.82","5,176.77","5,117.15","450.13M","-0.64%"
"Dec 01, 2015","5,156.31","5,129.64","5,156.31","5,120.17","463.40M","0.93%"
"Nov 30, 2015","5,108.67","5,139.58","5,141.36","5,098.70","616.31M","-0.37%"
"Nov 27, 2015","5,127.52","5,121.93","5,134.35","5,108.51","189.35M","0.22%"
"Nov 25, 2015","5,116.14","5,106.87","5,124.09","5,101.18","343.28M","0.26%"
"Nov 24, 2015","5,102.81","5,070.66","5,110.75","5,050.14","417.56M","0.01%"
"Nov 23, 2015","5,102.48","5,106.72","5,128.08","5,084.85","386.57M","-0.05%"
"Nov 20, 2015","5,104.92","5,096.96","5,112.46","5,094.31","429.76M","0.62%"
"Nov 19, 2015","5,073.64","5,078.68","5,092.46","5,067.27","388.35M","-0.03%"
"Nov 18, 2015","5,075.20","5,004.60","5,078.80","5,001.67","451.44M","1.79%"
"Nov 17, 2015","4,986.02","4,991.71","5,023.45","4,975.74","418.58M","0.03%"
"Nov 16, 2015","4,984.62","4,916.14","4,984.91","4,908.66","416.85M","1.15%"
"Nov 13, 2015","4,927.88","4,980.86","4,989.06","4,925.35","444.55M","-1.54%"
"Nov 12, 2015","5,005.08","5,043.10","5,062.49","5,004.46","395.74M","-1.22%"
"Nov 11, 2015","5,067.02","5,098.12","5,111.19","5,066.68","366.71M","-0.32%"
"Nov 10, 2015","5,083.24","5,068.55","5,086.89","5,051.22","432.61M","-0.24%"
"Nov 09, 2015","5,095.30","5,128.94","5,133.44","5,066.10","436.18M","-1.01%"
"Nov 06, 2015","5,147.12","5,124.04","5,147.12","5,092.87","471.93M","0.38%"
"Nov 05, 2015","5,127.74","5,144.15","5,154.86","5,098.49","456.55M","-0.29%"
"Nov 04, 2015","5,142.48","5,155.62","5,162.57","5,122.78","466.94M","-0.05%"
"Nov 03, 2015","5,145.13","5,114.31","5,163.47","5,109.68","446.94M","0.35%"
"Nov 02, 2015","5,127.15","5,065.64","5,130.51","5,061.47","427.28M","1.45%"
"Oct 30, 2015","5,053.75","5,079.76","5,085.22","5,053.75","509.29M","-0.40%"
"Oct 29, 2015","5,074.27","5,071.04","5,084.63","5,066.89","426.89M","-0.42%"
"Oct 28, 2015","5,095.69","5,040.38","5,095.69","5,019.60","493.38M","1.30%"
"Oct 27, 2015","5,030.15","5,018.99","5,040.08","5,009.07","455.96M","-0.09%"
"Oct 26, 2015","5,034.70","5,030.80","5,045.16","5,012.74","418.69M","0.06%"
"Oct 23, 2015","5,031.86","5,024.38","5,048.55","4,999.54","509.63M","2.27%"
"Oct 22, 2015","4,920.05","4,875.96","4,926.99","4,861.80","505.00M","1.65%"
"Oct 21, 2015","4,840.12","4,903.98","4,904.85","4,836.46","431.97M","-0.84%"
"Oct 20, 2015","4,880.97","4,900.02","4,909.37","4,866.60","387.51M","-0.50%"
"Oct 19, 2015","4,905.47","4,873.54","4,915.49","4,865.83","380.43M","0.38%"
"Oct 16, 2015","4,886.69","4,872.36","4,886.95","4,851.28","494.94M","0.34%"
"Oct 15, 2015","4,870.10","4,799.43","4,870.10","4,795.29","445.82M","1.82%"
"Oct 14, 2015","4,782.85","4,801.35","4,820.09","4,771.62","435.24M","-0.29%"
"Oct 13, 2015","4,796.61","4,809.24","4,858.28","4,793.92","354.14M","-0.87%"
"Oct 12, 2015","4,838.64","4,839.79","4,846.74","4,818.16","316.99M","0.17%"
"Oct 09, 2015","4,830.47","4,817.28","4,841.38","4,804.59","404.83M","0.41%"
"Oct 08, 2015","4,810.79","4,775.06","4,819.07","4,737.93","441.40M","0.41%"
"Oct 07, 2015","4,791.15","4,775.05","4,791.15","4,728.71","522.59M","0.90%"
"Oct 06, 2015","4,748.36","4,767.63","4,783.37","4,711.79","471.98M","-0.69%"
"Oct 05, 2015","4,781.26","4,742.13","4,785.91","4,740.24","490.22M","1.56%"
"Oct 02, 2015","4,707.77","4,566.13","4,707.77","4,552.34","510.64M","1.74%"
"Oct 01, 2015","4,627.08","4,624.46","4,628.23","4,559.21","501.35M","0.15%"
"Sep 30, 2015","4,620.16","4,574.38","4,620.16","4,559.18","623.88M","2.28%"
"Sep 29, 2015","4,517.32","4,551.04","4,596.06","4,487.06","548.61M","-0.59%"
"Sep 28, 2015","4,543.97","4,665.06","4,665.21","4,529.41","558.00M","-3.04%"
"Sep 25, 2015","4,686.50","4,782.41","4,785.22","4,659.48","501.80M","-1.01%"
"Sep 24, 2015","4,734.48","4,717.89","4,746.21","4,670.12","481.39M","-0.38%"
"Sep 23, 2015","4,752.74","4,764.69","4,780.64","4,735.13","365.13M","-0.08%"
"Sep 22, 2015","4,756.72","4,762.29","4,776.28","4,716.91","477.77M","-1.50%"
"Sep 21, 2015","4,828.95","4,851.98","4,881.46","4,795.91","453.54M","0.04%"
"Sep 18, 2015","4,827.23","4,828.71","4,878.71","4,819.09","1.36B","-1.36%"
"Sep 17, 2015","4,893.95","4,884.11","4,960.87","4,880.50","444.77M","0.10%"
"Sep 16, 2015","4,889.24","4,860.44","4,893.44","4,848.15","382.59M","0.59%"
"Sep 15, 2015","4,860.52","4,819.32","4,872.35","4,802.09","353.27M","1.14%"
"Sep 14, 2015","4,805.76","4,831.98","4,832.00","4,791.08","358.08M","-0.34%"
"Sep 11, 2015","4,822.34","4,770.73","4,822.34","4,763.15","396.56M","0.54%"
"Sep 10, 2015","4,796.25","4,749.96","4,826.33","4,746.52","444.14M","0.84%"
"Sep 09, 2015","4,756.53","4,856.27","4,862.88","4,746.73","460.53M","-1.15%"
"Sep 08, 2015","4,811.93","4,769.72","4,815.04","4,754.89","445.73M","2.73%"
"Sep 04, 2015","4,683.92","4,670.35","4,712.67","4,657.82","378.95M","-1.05%"
"Sep 03, 2015","4,733.50","4,763.10","4,800.19","4,721.91","434.44M","-0.35%"
"Sep 02, 2015","4,749.98","4,704.42","4,749.98","4,659.41","472.71M","2.46%"
"Sep 01, 2015","4,636.10","4,673.61","4,722.13","4,614.91","582.68M","-2.94%"
"Aug 31, 2015","4,776.51","4,798.68","4,824.61","4,763.42","498.17M","-1.07%"
"Aug 28, 2015","4,828.32","4,792.11","4,836.78","4,788.38","509.59M","0.32%"
"Aug 27, 2015","4,812.71","4,761.05","4,818.71","4,721.79","590.55M","2.45%"
"Aug 26, 2015","4,697.54","4,633.51","4,703.97","4,530.03","633.10M","4.24%"
"Aug 25, 2015","4,506.49","4,687.27","4,689.54","4,506.10","657.53M","-0.44%"
"Aug 24, 2015","4,526.25","4,351.61","4,694.90","4,292.14","926.38M","-3.82%"
"Aug 21, 2015","4,706.04","4,801.04","4,856.75","4,706.04","716.26M","-3.52%"
"Aug 20, 2015","4,877.49","4,973.49","4,986.51","4,877.49","477.70M","-2.82%"
"Aug 19, 2015","5,019.05","5,039.03","5,060.93","4,992.85","399.25M","-0.80%"
"Aug 18, 2015","5,059.35","5,082.18","5,085.14","5,054.97","347.37M","-0.64%"
"Aug 17, 2015","5,091.70","5,032.34","5,092.69","5,022.42","360.39M","0.86%"
"Aug 14, 2015","5,048.23","5,025.92","5,051.89","5,012.61","343.63M","0.29%"
"Aug 13, 2015","5,033.56","5,050.94","5,071.46","5,029.61","376.05M","-0.21%"
"Aug 12, 2015","5,044.39","4,994.52","5,055.75","4,945.79","474.10M","0.15%"
"Aug 11, 2015","5,036.79","5,069.16","5,089.33","5,013.44","451.20M","-1.27%"
"Aug 10, 2015","5,101.80","5,081.72","5,112.47","5,081.11","435.82M","1.16%"
"Aug 07, 2015","5,043.54","5,043.97","5,055.56","5,006.15","465.43M","-0.26%"
"Aug 06, 2015","5,056.44","5,146.62","5,149.93","5,035.41","511.22M","-1.62%"
"Aug 05, 2015","5,139.94","5,132.77","5,175.26","5,131.86","452.96M","0.67%"
"Aug 04, 2015","5,105.55","5,110.96","5,125.90","5,092.46","419.37M","-0.19%"
"Aug 03, 2015","5,115.38","5,134.34","5,143.08","5,082.32","411.24M","-0.25%"
"Jul 31, 2015","5,128.28","5,148.18","5,155.02","5,122.37","517.90M","-0.01%"
"Jul 30, 2015","5,128.78","5,100.30","5,135.65","5,070.62","432.34M","0.33%"
"Jul 29, 2015","5,111.73","5,097.86","5,117.84","5,080.04","443.58M","0.44%"
"Jul 28, 2015","5,089.21","5,063.44","5,097.69","5,025.61","475.08M","0.98%"
"Jul 27, 2015","5,039.78","5,055.92","5,072.88","5,032.69","452.92M","-0.96%"
"Jul 24, 2015","5,088.63","5,166.91","5,167.54","5,084.51","474.84M","-1.12%"
"Jul 23, 2015","5,146.41","5,180.33","5,197.00","5,137.64","439.50M","-0.49%"
"Jul 22, 2015","5,171.77","5,146.03","5,184.74","5,145.78","444.46M","-0.70%"
"Jul 21, 2015","5,208.12","5,219.20","5,229.00","5,196.30","398.16M","-0.21%"
"Jul 20, 2015","5,218.86","5,223.18","5,231.94","5,201.49","390.35M","0.17%"
"Jul 17, 2015","5,210.14","5,196.11","5,210.16","5,183.23","443.21M","0.91%"
"Jul 16, 2015","5,163.18","5,138.18","5,163.18","5,128.56","382.62M","1.26%"
"Jul 15, 2015","5,098.94","5,111.11","5,125.32","5,088.12","384.20M","-0.12%"
"Jul 14, 2015","5,104.89","5,077.12","5,116.52","5,075.12","386.79M","0.66%"
"Jul 13, 2015","5,071.51","5,037.27","5,074.81","5,036.68","383.98M","1.48%"
"Jul 10, 2015","4,997.70","4,981.24","5,008.05","4,966.51","369.46M","1.53%"
"Jul 09, 2015","4,922.40","4,976.15","4,982.19","4,920.40","424.41M","0.26%"
"Jul 08, 2015","4,909.76","4,953.98","4,965.45","4,901.51","450.17M","-1.75%"
"Jul 07, 2015","4,997.46","4,993.76","5,001.99","4,902.21","495.44M","0.11%"
"Jul 06, 2015","4,991.94","4,963.80","5,020.71","4,960.93","489.03M","-0.34%"
"Jul 02, 2015","5,009.21","5,024.30","5,027.47","4,990.74","357.11M","-0.08%"
"Jul 01, 2015","5,013.12","5,029.05","5,038.55","4,994.47","425.75M","0.53%"