"Date","Price","Open","High","Low","Change %"
"Aug 02, 2019","0.01530","0.01550","0.01550","0.01530","-1.29%"
"Aug 01, 2019","0.01550","0.01570","0.01580","0.01550","-1.27%"
"Jul 31, 2019","0.01570","0.01570","0.01580","0.01570","-0.32%"
"Jul 30, 2019","0.01575","0.01585","0.01585","0.01575","-0.32%"
"Jul 29, 2019","0.01580","0.01580","0.01580","0.01570","0.12%"
"Jul 28, 2019","0.01578","0.01578","0.01578","0.01578","-0.12%"
"Jul 26, 2019","0.01580","0.01580","0.01590","0.01570","0.00%"
"Jul 25, 2019","0.01580","0.01580","0.01590","0.01580","0.00%"
"Jul 24, 2019","0.01580","0.01580","0.01590","0.01580","0.00%"
"Jul 23, 2019","0.01580","0.01580","0.01590","0.01580","-0.32%"
"Jul 22, 2019","0.01585","0.01595","0.01595","0.01585","-0.10%"
"Jul 21, 2019","0.01587","0.01587","0.01587","0.01587","-0.22%"
"Jul 19, 2019","0.01590","0.01590","0.01590","0.01580","0.00%"
"Jul 18, 2019","0.01590","0.01590","0.01590","0.01580","0.00%"
"Jul 17, 2019","0.01590","0.01590","0.01590","0.01580","0.00%"
"Jul 16, 2019","0.01590","0.01600","0.01600","0.01580","-0.62%"
"Jul 15, 2019","0.01600","0.01580","0.01600","0.01580","0.72%"
"Jul 14, 2019","0.01589","0.01589","0.01589","0.01589","-0.09%"
"Jul 12, 2019","0.01590","0.01590","0.01590","0.01580","0.00%"
"Jul 11, 2019","0.01590","0.01580","0.01590","0.01580","0.32%"
"Jul 10, 2019","0.01585","0.01575","0.01585","0.01565","0.96%"
"Jul 09, 2019","0.01570","0.01570","0.01570","0.01560","0.00%"
"Jul 08, 2019","0.01570","0.01570","0.01580","0.01560","0.19%"
"Jul 07, 2019","0.01567","0.01567","0.01567","0.01567","-0.19%"
"Jul 05, 2019","0.01570","0.01580","0.01580","0.01570","-0.32%"
"Jul 04, 2019","0.01575","0.01585","0.01585","0.01575","-0.32%"
"Jul 03, 2019","0.01580","0.01580","0.01580","0.01570","0.00%"
"Jul 02, 2019","0.01580","0.01590","0.01590","0.01580","-0.63%"
"Jul 01, 2019","0.01590","0.01570","0.01590","0.01570","0.54%"
"Jun 30, 2019","0.01582","0.01582","0.01582","0.01582","0.10%"
"Jun 28, 2019","0.01580","0.01590","0.01590","0.01580","-0.63%"
"Jun 27, 2019","0.01590","0.01590","0.01590","0.01580","0.00%"
"Jun 26, 2019","0.01590","0.01590","0.01590","0.01580","0.00%"
"Jun 25, 2019","0.01590","0.01600","0.01600","0.01590","-0.62%"
"Jun 24, 2019","0.01600","0.01580","0.01600","0.01580","0.81%"
"Jun 23, 2019","0.01587","0.01587","0.01587","0.01587","-0.18%"
"Jun 21, 2019","0.01590","0.01590","0.01590","0.01570","0.00%"
"Jun 20, 2019","0.01590","0.01570","0.01590","0.01570","1.27%"
"Jun 19, 2019","0.01570","0.01560","0.01570","0.01560","0.64%"
"Jun 18, 2019","0.01560","0.01550","0.01560","0.01550","0.32%"
"Jun 17, 2019","0.01555","0.01555","0.01565","0.01555","0.13%"
"Jun 16, 2019","0.01553","0.01553","0.01553","0.01553","0.19%"
"Jun 14, 2019","0.01550","0.01550","0.01560","0.01550","0.00%"
"Jun 13, 2019","0.01550","0.01540","0.01550","0.01540","0.65%"
"Jun 12, 2019","0.01540","0.01550","0.01550","0.01540","-0.65%"
"Jun 11, 2019","0.01550","0.01540","0.01550","0.01540","0.65%"
"Jun 10, 2019","0.01540","0.01540","0.01550","0.01540","-0.10%"
"Jun 09, 2019","0.01542","0.01542","0.01542","0.01542","0.10%"
"Jun 07, 2019","0.01540","0.01540","0.01540","0.01530","0.00%"
"Jun 06, 2019","0.01540","0.01530","0.01540","0.01530","0.65%"
"Jun 05, 2019","0.01530","0.01530","0.01540","0.01530","-0.33%"
"Jun 04, 2019","0.01535","0.01535","0.01545","0.01535","0.33%"
"Jun 03, 2019","0.01530","0.01530","0.01530","0.01520","0.11%"
"Jun 02, 2019","0.01528","0.01528","0.01528","0.01528","0.22%"
"May 31, 2019","0.01525","0.01535","0.01545","0.01525","-0.33%"
"May 30, 2019","0.01530","0.01540","0.01540","0.01530","-0.65%"
"May 29, 2019","0.01540","0.01550","0.01550","0.01530","-0.65%"
"May 28, 2019","0.01550","0.01550","0.01550","0.01540","0.00%"
"May 27, 2019","0.01550","0.01550","0.01550","0.01550","-0.05%"
"May 26, 2019","0.01551","0.01551","0.01551","0.01551","0.05%"
"May 24, 2019","0.01550","0.01540","0.01550","0.01540","0.65%"
"May 23, 2019","0.01540","0.01550","0.01550","0.01540","-0.96%"
"May 22, 2019","0.01555","0.01555","0.01565","0.01555","0.32%"
"May 21, 2019","0.01550","0.01550","0.01550","0.01550","0.00%"
"May 20, 2019","0.01550","0.01540","0.01550","0.01540","0.39%"
"May 19, 2019","0.01544","0.01544","0.01544","0.01544","0.26%"
"May 17, 2019","0.01540","0.01550","0.01550","0.01540","-0.65%"
"May 16, 2019","0.01550","0.01550","0.01550","0.01540","0.00%"
"May 15, 2019","0.01550","0.01540","0.01550","0.01540","0.65%"
"May 14, 2019","0.01540","0.01530","0.01540","0.01530","0.65%"
"May 13, 2019","0.01530","0.01530","0.01540","0.01520","-0.39%"
"May 12, 2019","0.01536","0.01536","0.01536","0.01536","0.07%"
"May 10, 2019","0.01535","0.01535","0.01545","0.01535","0.33%"
"May 09, 2019","0.01530","0.01540","0.01540","0.01530","-0.65%"
"May 08, 2019","0.01540","0.01530","0.01540","0.01530","0.65%"
"May 07, 2019","0.01530","0.01530","0.01540","0.01530","0.00%"
"May 06, 2019","0.01530","0.01540","0.01540","0.01530","-0.42%"
"May 05, 2019","0.01536","0.01536","0.01536","0.01536","-0.23%"
"May 03, 2019","0.01540","0.01530","0.01540","0.01520","0.65%"
"May 02, 2019","0.01530","0.01540","0.01540","0.01520","-0.65%"
"May 01, 2019","0.01540","0.01550","0.01550","0.01540","-0.65%"
"Apr 30, 2019","0.01550","0.01550","0.01550","0.01540","0.00%"
"Apr 29, 2019","0.01550","0.01540","0.01550","0.01540","0.34%"
"Apr 28, 2019","0.01545","0.01545","0.01545","0.01545","0.31%"
"Apr 26, 2019","0.01540","0.01550","0.01550","0.01540","-0.65%"
"Apr 25, 2019","0.01550","0.01550","0.01560","0.01540","0.00%"
"Apr 24, 2019","0.01550","0.01570","0.01570","0.01550","-1.27%"
"Apr 23, 2019","0.01570","0.01570","0.01570","0.01560","0.00%"
"Apr 22, 2019","0.01570","0.01560","0.01570","0.01560","0.56%"
"Apr 21, 2019","0.01561","0.01561","0.01561","0.01561","0.08%"
"Apr 19, 2019","0.01560","0.01570","0.01570","0.01560","-0.64%"
"Apr 18, 2019","0.01570","0.01570","0.01570","0.01560","0.00%"
"Apr 17, 2019","0.01570","0.01560","0.01570","0.01560","0.64%"
"Apr 16, 2019","0.01560","0.01550","0.01560","0.01550","0.32%"
"Apr 15, 2019","0.01555","0.01555","0.01565","0.01555","0.06%"
"Apr 14, 2019","0.01554","0.01554","0.01554","0.01554","-0.06%"
"Apr 12, 2019","0.01555","0.01555","0.01565","0.01555","0.32%"
"Apr 11, 2019","0.01550","0.01560","0.01560","0.01540","-0.64%"
"Apr 10, 2019","0.01560","0.01540","0.01560","0.01540","1.30%"
"Apr 09, 2019","0.01540","0.01540","0.01550","0.01540","0.00%"
"Apr 08, 2019","0.01540","0.01530","0.01540","0.01530","0.63%"
"Apr 07, 2019","0.01530","0.01530","0.01530","0.01530","0.00%"
"Apr 05, 2019","0.01530","0.01530","0.01530","0.01520","0.00%"
"Apr 04, 2019","0.01530","0.01530","0.01540","0.01520","0.00%"
"Apr 03, 2019","0.01530","0.01530","0.01540","0.01530","0.00%"
"Apr 02, 2019","0.01530","0.01530","0.01530","0.01520","0.00%"
"Apr 01, 2019","0.01530","0.01520","0.01530","0.01520","0.42%"
"Mar 31, 2019","0.01524","0.01524","0.01524","0.01524","0.24%"
"Mar 29, 2019","0.01520","0.01540","0.01550","0.01520","-1.30%"
"Mar 28, 2019","0.01540","0.01540","0.01550","0.01530","0.00%"
"Mar 27, 2019","0.01540","0.01550","0.01550","0.01540","-0.65%"
"Mar 26, 2019","0.01550","0.01560","0.01560","0.01550","-0.64%"
"Mar 25, 2019","0.01560","0.01550","0.01560","0.01540","0.87%"
"Mar 24, 2019","0.01547","0.01547","0.01547","0.01547","-0.22%"
"Mar 22, 2019","0.01550","0.01570","0.01570","0.01540","-1.27%"
"Mar 21, 2019","0.01570","0.01560","0.01570","0.01560","0.00%"
"Mar 20, 2019","0.01570","0.01550","0.01570","0.01550","1.29%"
"Mar 19, 2019","0.01550","0.01550","0.01560","0.01550","0.00%"
"Mar 18, 2019","0.01550","0.01540","0.01560","0.01540","0.45%"
"Mar 17, 2019","0.01543","0.01543","0.01543","0.01543","0.20%"
"Mar 15, 2019","0.01540","0.01530","0.01540","0.01520","0.65%"
"Mar 14, 2019","0.01530","0.01530","0.01530","0.01520","0.00%"
"Mar 13, 2019","0.01530","0.01520","0.01530","0.01520","0.66%"
"Mar 12, 2019","0.01520","0.01520","0.01530","0.01520","0.00%"
"Mar 11, 2019","0.01520","0.01500","0.01520","0.01500","0.75%"
"Mar 10, 2019","0.01509","0.01509","0.01509","0.01509","-0.09%"
"Mar 08, 2019","0.01510","0.01510","0.01510","0.01500","0.00%"
"Mar 07, 2019","0.01510","0.01520","0.01520","0.01510","-0.66%"
"Mar 06, 2019","0.01520","0.01520","0.01520","0.01510","0.00%"
"Mar 05, 2019","0.01520","0.01520","0.01520","0.01520","0.00%"
"Mar 04, 2019","0.01520","0.01520","0.01520","0.01520","0.22%"
"Mar 03, 2019","0.01517","0.01517","0.01517","0.01517","-0.22%"
"Mar 01, 2019","0.01520","0.01520","0.01520","0.01510","0.00%"
"Feb 28, 2019","0.01520","0.01520","0.01520","0.01510","0.00%"
"Feb 27, 2019","0.01520","0.01520","0.01520","0.01510","0.00%"
"Feb 26, 2019","0.01520","0.01530","0.01530","0.01520","-0.65%"
"Feb 25, 2019","0.01530","0.01530","0.01530","0.01520","0.04%"
"Feb 24, 2019","0.01529","0.01529","0.01529","0.01529","-0.04%"
"Feb 22, 2019","0.01530","0.01520","0.01530","0.01520","0.66%"
"Feb 21, 2019","0.01520","0.01520","0.01530","0.01520","0.00%"
"Feb 20, 2019","0.01520","0.01520","0.01530","0.01520","0.00%"
"Feb 19, 2019","0.01520","0.01510","0.01520","0.01510","0.66%"
"Feb 18, 2019","0.01510","0.01510","0.01510","0.01510","0.13%"
"Feb 17, 2019","0.01508","0.01508","0.01508","0.01508","-0.13%"
"Feb 15, 2019","0.01510","0.01500","0.01510","0.01500","0.67%"
"Feb 14, 2019","0.01500","0.01500","0.01510","0.01490","0.00%"
"Feb 13, 2019","0.01500","0.01520","0.01520","0.01500","-1.32%"
"Feb 12, 2019","0.01520","0.01520","0.01530","0.01510","0.00%"
"Feb 11, 2019","0.01520","0.01530","0.01530","0.01520","0.00%"
"Feb 10, 2019","0.01520","0.01520","0.01520","0.01520","-0.66%"
"Feb 08, 2019","0.01530","0.01520","0.01530","0.01510","0.66%"
"Feb 07, 2019","0.01520","0.01520","0.01520","0.01510","0.00%"
"Feb 06, 2019","0.01520","0.01520","0.01530","0.01520","0.00%"
"Feb 05, 2019","0.01520","0.01520","0.01530","0.01520","-0.33%"
"Feb 04, 2019","0.01525","0.01535","0.01535","0.01525","-0.11%"
"Feb 03, 2019","0.01527","0.01527","0.01527","0.01527","-0.22%"
"Feb 01, 2019","0.01530","0.01530","0.01530","0.01520","0.00%"
"Jan 31, 2019","0.01530","0.01530","0.01530","0.01520","0.00%"
"Jan 30, 2019","0.01530","0.01510","0.01530","0.01510","0.99%"
"Jan 29, 2019","0.01515","0.01515","0.01525","0.01515","0.33%"
"Jan 28, 2019","0.01510","0.01510","0.01520","0.01510","-0.35%"
"Jan 27, 2019","0.01515","0.01515","0.01515","0.01515","0.00%"
"Jan 25, 2019","0.01515","0.01525","0.01525","0.01515","-0.33%"
"Jan 24, 2019","0.01520","0.01510","0.01520","0.01510","0.66%"
"Jan 23, 2019","0.01510","0.01500","0.01510","0.01500","0.67%"
"Jan 22, 2019","0.01500","0.01510","0.01510","0.01500","-0.66%"
"Jan 21, 2019","0.01510","0.01510","0.01510","0.01500","0.07%"
"Jan 20, 2019","0.01509","0.01509","0.01509","0.01509","-0.07%"
"Jan 18, 2019","0.01510","0.01510","0.01510","0.01500","0.00%"
"Jan 17, 2019","0.01510","0.01510","0.01510","0.01500","0.00%"
"Jan 16, 2019","0.01510","0.01490","0.01510","0.01490","1.34%"
"Jan 15, 2019","0.01490","0.01490","0.01490","0.01490","0.00%"
"Jan 14, 2019","0.01490","0.01490","0.01500","0.01490","-0.33%"
"Jan 13, 2019","0.01495","0.01495","0.01495","0.01495","0.00%"
"Jan 11, 2019","0.01495","0.01505","0.01505","0.01495","0.00%"
"Jan 10, 2019","0.01495","0.01505","0.01505","0.01485","-0.33%"
"Jan 09, 2019","0.01500","0.01490","0.01500","0.01490","0.33%"
"Jan 08, 2019","0.01495","0.01505","0.01505","0.01485","-0.33%"
"Jan 07, 2019","0.01500","0.01470","0.01500","0.01470","1.61%"
"Jan 06, 2019","0.01476","0.01476","0.01476","0.01476","-0.25%"
"Jan 04, 2019","0.01480","0.01450","0.01480","0.01450","1.72%"
"Jan 03, 2019","0.01455","0.01455","0.01465","0.01445","0.34%"
"Jan 02, 2019","0.01450","0.01440","0.01460","0.01430","1.05%"
"Jan 01, 2019","0.01435","0.01435","0.01435","0.01435","0.00%"
"Dec 31, 2018","0.01435","0.01445","0.01445","0.01435","0.21%"
"Dec 30, 2018","0.01432","0.01432","0.01432","0.01432","-0.55%"
"Dec 28, 2018","0.01440","0.01440","0.01440","0.01430","0.00%"
"Dec 27, 2018","0.01440","0.01450","0.01460","0.01430","-1.03%"
"Dec 26, 2018","0.01455","0.01455","0.01465","0.01445","-0.34%"
"Dec 25, 2018","0.01460","0.01460","0.01460","0.01450","0.00%"
"Dec 24, 2018","0.01460","0.01450","0.01470","0.01450","0.55%"
"Dec 23, 2018","0.01452","0.01452","0.01452","0.01452","0.14%"
"Dec 21, 2018","0.01450","0.01460","0.01470","0.01450","-0.68%"
"Dec 20, 2018","0.01460","0.01480","0.01490","0.01450","-1.35%"
"Dec 19, 2018","0.01480","0.01480","0.01490","0.01470","0.00%"
"Dec 18, 2018","0.01480","0.01500","0.01500","0.01480","-1.33%"
"Dec 17, 2018","0.01500","0.01500","0.01510","0.01500","0.12%"
"Dec 16, 2018","0.01498","0.01498","0.01498","0.01498","0.22%"
"Dec 14, 2018","0.01495","0.01515","0.01515","0.01495","-0.99%"
"Dec 13, 2018","0.01510","0.01500","0.01510","0.01500","0.33%"
"Dec 12, 2018","0.01505","0.01515","0.01515","0.01505","-0.33%"
"Dec 11, 2018","0.01510","0.01500","0.01510","0.01500","0.67%"
"Dec 10, 2018","0.01500","0.01510","0.01510","0.01500","-0.40%"
"Dec 09, 2018","0.01506","0.01506","0.01506","0.01506","0.07%"
"Dec 07, 2018","0.01505","0.01495","0.01525","0.01495","0.67%"
"Dec 06, 2018","0.01495","0.01505","0.01505","0.01495","-0.33%"
"Dec 05, 2018","0.01500","0.01490","0.01500","0.01490","0.33%"
"Dec 04, 2018","0.01495","0.01505","0.01515","0.01495","-0.33%"
"Dec 03, 2018","0.01500","0.01490","0.01510","0.01490","0.43%"
"Dec 02, 2018","0.01494","0.01494","0.01494","0.01494","0.24%"
"Nov 30, 2018","0.01490","0.01510","0.01510","0.01490","-1.32%"
"Nov 29, 2018","0.01510","0.01490","0.01520","0.01490","1.34%"
"Nov 28, 2018","0.01490","0.01490","0.01500","0.01480","0.00%"
"Nov 27, 2018","0.01490","0.01490","0.01500","0.01480","0.00%"
"Nov 26, 2018","0.01490","0.01510","0.01510","0.01480","-1.37%"
"Nov 25, 2018","0.01511","0.01511","0.01511","0.01511","0.05%"
"Nov 23, 2018","0.01510","0.01520","0.01530","0.01500","-0.66%"
"Nov 22, 2018","0.01520","0.01520","0.01530","0.01520","0.00%"
"Nov 21, 2018","0.01520","0.01510","0.01530","0.01510","0.66%"
"Nov 20, 2018","0.01510","0.01520","0.01530","0.01510","-0.66%"
"Nov 19, 2018","0.01520","0.01510","0.01530","0.01510","0.29%"
"Nov 18, 2018","0.01516","0.01516","0.01516","0.01516","0.04%"
"Nov 16, 2018","0.01515","0.01525","0.01525","0.01515","-0.33%"
"Nov 15, 2018","0.01520","0.01490","0.01520","0.01490","2.01%"
"Nov 14, 2018","0.01490","0.01470","0.01490","0.01460","1.36%"
"Nov 13, 2018","0.01470","0.01470","0.01480","0.01470","0.00%"
"Nov 12, 2018","0.01470","0.01470","0.01480","0.01470","0.12%"
"Nov 11, 2018","0.01468","0.01468","0.01468","0.01468","-0.12%"
"Nov 09, 2018","0.01470","0.01490","0.01500","0.01470","-1.34%"
"Nov 08, 2018","0.01490","0.01510","0.01510","0.01490","-1.32%"
"Nov 07, 2018","0.01510","0.01510","0.01520","0.01510","0.00%"
"Nov 06, 2018","0.01510","0.01510","0.01520","0.01510","0.00%"
"Nov 05, 2018","0.01510","0.01510","0.01520","0.01500","-0.03%"
"Nov 04, 2018","0.01511","0.01511","0.01511","0.01511","0.03%"
"Nov 02, 2018","0.01510","0.01520","0.01530","0.01510","-0.66%"
"Nov 01, 2018","0.01520","0.01520","0.01530","0.01520","0.00%"
"Oct 31, 2018","0.01520","0.01530","0.01530","0.01520","-0.65%"
"Oct 30, 2018","0.01530","0.01520","0.01530","0.01520","0.66%"
"Oct 29, 2018","0.01520","0.01520","0.01530","0.01520","-0.11%"
"Oct 28, 2018","0.01522","0.01522","0.01522","0.01522","0.11%"
"Oct 26, 2018","0.01520","0.01520","0.01530","0.01520","0.00%"
"Oct 25, 2018","0.01520","0.01520","0.01530","0.01520","0.00%"
"Oct 24, 2018","0.01520","0.01530","0.01540","0.01520","-0.65%"
"Oct 23, 2018","0.01530","0.01530","0.01530","0.01520","0.00%"
"Oct 22, 2018","0.01530","0.01530","0.01540","0.01520","0.20%"
"Oct 21, 2018","0.01527","0.01527","0.01527","0.01527","-0.20%"
"Oct 19, 2018","0.01530","0.01520","0.01530","0.01520","0.66%"
"Oct 18, 2018","0.01520","0.01530","0.01530","0.01520","-0.65%"
"Oct 17, 2018","0.01530","0.01530","0.01530","0.01520","0.00%"
"Oct 16, 2018","0.01530","0.01520","0.01530","0.01520","0.66%"
"Oct 15, 2018","0.01520","0.01510","0.01530","0.01510","0.50%"
"Oct 14, 2018","0.01512","0.01512","0.01512","0.01512","0.16%"
"Oct 12, 2018","0.01510","0.01510","0.01520","0.01500","0.00%"
"Oct 11, 2018","0.01510","0.01490","0.01520","0.01490","1.00%"
"Oct 10, 2018","0.01495","0.01515","0.01515","0.01495","-0.99%"
"Oct 09, 2018","0.01510","0.01500","0.01510","0.01490","0.67%"
"Oct 08, 2018","0.01500","0.01500","0.01500","0.01490","-0.13%"
"Oct 07, 2018","0.01502","0.01502","0.01502","0.01502","0.13%"
"Oct 05, 2018","0.01500","0.01490","0.01510","0.01490","0.67%"
"Oct 04, 2018","0.01490","0.01520","0.01520","0.01490","-1.97%"
"Oct 03, 2018","0.01520","0.01530","0.01530","0.01520","-0.65%"
"Oct 02, 2018","0.01530","0.01540","0.01540","0.01520","-0.65%"
"Oct 01, 2018","0.01540","0.01520","0.01540","0.01520","0.95%"
"Sep 30, 2018","0.01526","0.01526","0.01526","0.01526","0.36%"
"Sep 28, 2018","0.01520","0.01520","0.01530","0.01520","0.00%"
"Sep 27, 2018","0.01520","0.01520","0.01530","0.01510","0.00%"
"Sep 26, 2018","0.01520","0.01520","0.01520","0.01510","0.00%"
"Sep 25, 2018","0.01520","0.01520","0.01530","0.01510","0.00%"
"Sep 24, 2018","0.01520","0.01500","0.01520","0.01500","0.95%"
"Sep 23, 2018","0.01506","0.01506","0.01506","0.01506","0.05%"
"Sep 21, 2018","0.01505","0.01515","0.01515","0.01505","-0.33%"
"Sep 20, 2018","0.01510","0.01500","0.01510","0.01490","0.67%"
"Sep 19, 2018","0.01500","0.01480","0.01500","0.01480","1.01%"
"Sep 18, 2018","0.01485","0.01475","0.01495","0.01465","1.02%"
"Sep 17, 2018","0.01470","0.01460","0.01470","0.01460","0.07%"
"Sep 16, 2018","0.01469","0.01469","0.01469","0.01469","-0.07%"
"Sep 14, 2018","0.01470","0.01460","0.01480","0.01460","0.34%"
"Sep 13, 2018","0.01465","0.01455","0.01475","0.01455","1.03%"
"Sep 12, 2018","0.01450","0.01440","0.01460","0.01430","0.69%"
"Sep 11, 2018","0.01440","0.01420","0.01440","0.01410","1.41%"
"Sep 10, 2018","0.01420","0.01430","0.01430","0.01420","-0.74%"
"Sep 09, 2018","0.01431","0.01431","0.01431","0.01431","0.04%"
"Sep 07, 2018","0.01430","0.01440","0.01450","0.01430","-1.04%"
"Sep 06, 2018","0.01445","0.01475","0.01475","0.01445","-1.70%"
"Sep 05, 2018","0.01470","0.01470","0.01470","0.01460","0.00%"
"Sep 04, 2018","0.01470","0.01470","0.01470","0.01460","0.00%"
"Sep 03, 2018","0.01470","0.01480","0.01480","0.01470","-0.71%"
"Sep 02, 2018","0.01480","0.01480","0.01480","0.01480","0.00%"
"Aug 31, 2018","0.01480","0.01460","0.01490","0.01460","1.02%"
"Aug 30, 2018","0.01465","0.01475","0.01485","0.01465","-0.34%"
"Aug 29, 2018","0.01470","0.01470","0.01480","0.01460","0.00%"
"Aug 28, 2018","0.01470","0.01480","0.01490","0.01470","-0.68%"
"Aug 27, 2018","0.01480","0.01490","0.01490","0.01480","-0.71%"
"Aug 26, 2018","0.01491","0.01491","0.01491","0.01491","0.04%"
"Aug 24, 2018","0.01490","0.01460","0.01490","0.01460","1.36%"
"Aug 23, 2018","0.01470","0.01470","0.01480","0.01450","0.00%"
"Aug 22, 2018","0.01470","0.01490","0.01490","0.01460","-1.34%"
"Aug 21, 2018","0.01490","0.01490","0.01500","0.01480","0.00%"
"Aug 20, 2018","0.01490","0.01490","0.01490","0.01480","-0.10%"
"Aug 19, 2018","0.01492","0.01492","0.01492","0.01492","0.10%"
"Aug 17, 2018","0.01490","0.01500","0.01500","0.01480","-0.67%"
"Aug 16, 2018","0.01500","0.01490","0.01500","0.01480","0.67%"
"Aug 15, 2018","0.01490","0.01510","0.01510","0.01470","-1.32%"
"Aug 14, 2018","0.01510","0.01470","0.01510","0.01470","2.37%"
"Aug 13, 2018","0.01475","0.01485","0.01485","0.01445","-0.13%"
"Aug 12, 2018","0.01477","0.01477","0.01477","0.01477","-0.20%"
"Aug 10, 2018","0.01480","0.01500","0.01500","0.01470","-1.33%"
"Aug 09, 2018","0.01500","0.01520","0.01530","0.01500","-1.64%"
"Aug 08, 2018","0.01525","0.01575","0.01585","0.01525","-3.17%"
"Aug 07, 2018","0.01575","0.01575","0.01585","0.01575","0.32%"
"Aug 06, 2018","0.01570","0.01580","0.01580","0.01570","-0.56%"
"Aug 05, 2018","0.01579","0.01579","0.01579","0.01579","-0.08%"
"Aug 03, 2018","0.01580","0.01580","0.01580","0.01570","0.00%"
"Aug 02, 2018","0.01580","0.01590","0.01590","0.01570","-0.63%"
"Aug 01, 2018","0.01590","0.01600","0.01600","0.01580","-0.62%"
"Jul 31, 2018","0.01600","0.01610","0.01610","0.01600","-0.62%"
"Jul 30, 2018","0.01610","0.01590","0.01610","0.01590","1.10%"
"Jul 29, 2018","0.01592","0.01592","0.01592","0.01592","0.15%"
"Jul 27, 2018","0.01590","0.01590","0.01600","0.01590","0.00%"
"Jul 26, 2018","0.01590","0.01590","0.01590","0.01580","0.00%"
"Jul 25, 2018","0.01590","0.01580","0.01590","0.01580","0.63%"
"Jul 24, 2018","0.01580","0.01580","0.01600","0.01570","-0.32%"
"Jul 23, 2018","0.01585","0.01585","0.01595","0.01575","0.66%"
"Jul 22, 2018","0.01575","0.01575","0.01575","0.01575","0.00%"
"Jul 20, 2018","0.01575","0.01575","0.01585","0.01575","0.32%"
"Jul 19, 2018","0.01570","0.01590","0.01590","0.01570","-1.26%"
"Jul 18, 2018","0.01590","0.01600","0.01600","0.01580","-0.62%"
"Jul 17, 2018","0.01600","0.01600","0.01610","0.01600","-0.31%"
"Jul 16, 2018","0.01605","0.01605","0.01615","0.01605","0.40%"
"Jul 15, 2018","0.01599","0.01599","0.01599","0.01599","-0.09%"
"Jul 13, 2018","0.01600","0.01610","0.01610","0.01590","-0.62%"
"Jul 12, 2018","0.01610","0.01600","0.01610","0.01600","0.62%"
"Jul 11, 2018","0.01600","0.01620","0.01620","0.01600","-1.23%"
"Jul 10, 2018","0.01620","0.01600","0.01620","0.01600","1.25%"
"Jul 09, 2018","0.01600","0.01590","0.01600","0.01590","0.75%"
"Jul 08, 2018","0.01588","0.01588","0.01588","0.01588","-0.12%"
"Jul 06, 2018","0.01590","0.01580","0.01590","0.01580","0.32%"
"Jul 05, 2018","0.01585","0.01585","0.01595","0.01585","0.32%"
"Jul 04, 2018","0.01580","0.01580","0.01590","0.01580","0.00%"
"Jul 03, 2018","0.01580","0.01580","0.01590","0.01570","0.00%"
"Jul 02, 2018","0.01580","0.01590","0.01590","0.01570","-0.88%"
"Jul 01, 2018","0.01594","0.01594","0.01594","0.01594","0.25%"
"Jun 29, 2018","0.01590","0.01590","0.01600","0.01590","0.00%"
"Jun 28, 2018","0.01590","0.01580","0.01590","0.01570","0.63%"
"Jun 27, 2018","0.01580","0.01590","0.01590","0.01580","-0.63%"
"Jun 26, 2018","0.01590","0.01590","0.01600","0.01580","0.00%"
"Jun 25, 2018","0.01590","0.01590","0.01600","0.01580","0.00%"
"Jun 24, 2018","0.01590","0.01590","0.01590","0.01590","0.00%"
"Jun 22, 2018","0.01590","0.01570","0.01590","0.01570","1.27%"
"Jun 21, 2018","0.01570","0.01570","0.01580","0.01560","0.00%"
"Jun 20, 2018","0.01570","0.01570","0.01580","0.01560","0.32%"
"Jun 19, 2018","0.01565","0.01585","0.01585","0.01565","-0.95%"
"Jun 18, 2018","0.01580","0.01580","0.01590","0.01570","-0.16%"
"Jun 17, 2018","0.01583","0.01583","0.01583","0.01583","0.16%"
"Jun 15, 2018","0.01580","0.01600","0.01600","0.01580","-1.25%"
"Jun 14, 2018","0.01600","0.01600","0.01610","0.01590","0.00%"
"Jun 13, 2018","0.01600","0.01590","0.01600","0.01580","0.63%"
"Jun 12, 2018","0.01590","0.01590","0.01600","0.01580","0.00%"
"Jun 11, 2018","0.01590","0.01600","0.01610","0.01590","-0.60%"
"Jun 10, 2018","0.01600","0.01600","0.01600","0.01600","-0.33%"
"Jun 08, 2018","0.01605","0.01605","0.01615","0.01595","0.31%"
"Jun 07, 2018","0.01600","0.01620","0.01620","0.01600","-1.23%"
"Jun 06, 2018","0.01620","0.01610","0.01620","0.01610","0.62%"
"Jun 05, 2018","0.01610","0.01610","0.01620","0.01600","0.00%"
"Jun 04, 2018","0.01610","0.01610","0.01620","0.01610","0.14%"
"Jun 03, 2018","0.01608","0.01608","0.01608","0.01608","-0.14%"
"Jun 01, 2018","0.01610","0.01600","0.01610","0.01600","0.62%"
"May 31, 2018","0.01600","0.01610","0.01610","0.01600","-0.62%"
"May 30, 2018","0.01610","0.01590","0.01610","0.01590","1.26%"
"May 29, 2018","0.01590","0.01600","0.01610","0.01590","-0.93%"
"May 28, 2018","0.01605","0.01615","0.01615","0.01605","-0.05%"
"May 27, 2018","0.01606","0.01606","0.01606","0.01606","-0.26%"
"May 25, 2018","0.01610","0.01620","0.01630","0.01600","-0.62%"
"May 24, 2018","0.01620","0.01630","0.01630","0.01620","-0.61%"
"May 23, 2018","0.01630","0.01630","0.01630","0.01620","0.00%"
"May 22, 2018","0.01630","0.01620","0.01640","0.01620","0.31%"
"May 21, 2018","0.01625","0.01605","0.01635","0.01595","1.25%"
"May 18, 2018","0.01605","0.01615","0.01625","0.01595","-0.31%"
"May 17, 2018","0.01610","0.01620","0.01620","0.01610","-0.62%"
"May 16, 2018","0.01620","0.01600","0.01620","0.01600","0.93%"
"May 15, 2018","0.01605","0.01625","0.01625","0.01595","-0.93%"
"May 14, 2018","0.01620","0.01620","0.01620","0.01610","0.31%"
"May 11, 2018","0.01615","0.01625","0.01635","0.01615","-0.31%"
"May 10, 2018","0.01620","0.01580","0.01620","0.01580","2.21%"
"May 09, 2018","0.01585","0.01585","0.01595","0.01565","0.32%"
"May 08, 2018","0.01580","0.01590","0.01590","0.01570","-0.63%"
"May 07, 2018","0.01590","0.01600","0.01600","0.01590","-0.62%"
"May 04, 2018","0.01600","0.01590","0.01600","0.01580","0.63%"
"May 03, 2018","0.01590","0.01560","0.01590","0.01560","1.92%"
"May 02, 2018","0.01560","0.01570","0.01580","0.01560","-0.64%"
"May 01, 2018","0.01570","0.01590","0.01590","0.01570","-1.26%"
"Apr 30, 2018","0.01590","0.01610","0.01610","0.01580","-1.24%"
"Apr 27, 2018","0.01610","0.01590","0.01620","0.01590","1.26%"
"Apr 26, 2018","0.01590","0.01600","0.01610","0.01590","-0.62%"
"Apr 25, 2018","0.01600","0.01620","0.01630","0.01600","-1.23%"
"Apr 24, 2018","0.01620","0.01620","0.01630","0.01610","0.00%"
"Apr 23, 2018","0.01620","0.01630","0.01630","0.01610","-0.61%"
"Apr 20, 2018","0.01630","0.01640","0.01640","0.01620","-0.61%"
"Apr 19, 2018","0.01640","0.01640","0.01650","0.01630","0.00%"
"Apr 18, 2018","0.01640","0.01630","0.01650","0.01610","0.61%"
"Apr 17, 2018","0.01630","0.01640","0.01640","0.01610","-0.61%"
"Apr 16, 2018","0.01640","0.01590","0.01640","0.01580","1.86%"
"Apr 13, 2018","0.01610","0.01610","0.01630","0.01600","0.00%"
"Apr 12, 2018","0.01610","0.01600","0.01630","0.01580","0.62%"
"Apr 11, 2018","0.01600","0.01590","0.01610","0.01540","0.95%"
"Apr 10, 2018","0.01585","0.01655","0.01665","0.01565","-3.94%"
"Apr 09, 2018","0.01650","0.01720","0.01720","0.01650","-4.07%"
"Apr 06, 2018","0.01720","0.01730","0.01740","0.01720","-0.58%"
"Apr 05, 2018","0.01730","0.01740","0.01740","0.01730","-0.57%"
"Apr 04, 2018","0.01740","0.01730","0.01740","0.01730","0.29%"
"Apr 03, 2018","0.01735","0.01745","0.01745","0.01735","-0.29%"
"Apr 02, 2018","0.01740","0.01750","0.01750","0.01730","-0.57%"
"Mar 30, 2018","0.01750","0.01740","0.01750","0.01740","0.29%"
"Mar 29, 2018","0.01745","0.01735","0.01755","0.01735","0.87%"
"Mar 28, 2018","0.01730","0.01740","0.01750","0.01730","-0.57%"
"Mar 27, 2018","0.01740","0.01750","0.01750","0.01740","-0.57%"
"Mar 26, 2018","0.01750","0.01750","0.01760","0.01740","0.00%"
"Mar 23, 2018","0.01750","0.01750","0.01750","0.01740","0.00%"
"Mar 22, 2018","0.01750","0.01760","0.01760","0.01750","-0.57%"
"Mar 21, 2018","0.01760","0.01740","0.01760","0.01740","1.15%"
"Mar 20, 2018","0.01740","0.01730","0.01740","0.01730","0.58%"
"Mar 19, 2018","0.01730","0.01740","0.01740","0.01720","-0.57%"
"Mar 16, 2018","0.01740","0.01740","0.01740","0.01730","0.00%"
"Mar 15, 2018","0.01740","0.01750","0.01760","0.01740","-0.57%"
"Mar 14, 2018","0.01750","0.01750","0.01760","0.01740","0.00%"
"Mar 13, 2018","0.01750","0.01760","0.01770","0.01750","-0.57%"
"Mar 12, 2018","0.01760","0.01760","0.01770","0.01750","-0.28%"
"Mar 09, 2018","0.01765","0.01755","0.01775","0.01755","0.86%"
"Mar 08, 2018","0.01750","0.01760","0.01760","0.01750","-0.57%"
"Mar 07, 2018","0.01760","0.01760","0.01770","0.01750","0.00%"
"Mar 06, 2018","0.01760","0.01770","0.01780","0.01760","-0.56%"
"Mar 05, 2018","0.01770","0.01760","0.01770","0.01740","0.57%"
"Mar 02, 2018","0.01760","0.01760","0.01770","0.01740","0.00%"
"Mar 01, 2018","0.01760","0.01770","0.01770","0.01750","-0.56%"
"Feb 28, 2018","0.01770","0.01780","0.01780","0.01770","-0.56%"
"Feb 27, 2018","0.01780","0.01800","0.01800","0.01770","-1.11%"
"Feb 26, 2018","0.01800","0.01780","0.01800","0.01780","1.41%"
"Feb 23, 2018","0.01775","0.01775","0.01785","0.01775","0.28%"
"Feb 22, 2018","0.01770","0.01760","0.01770","0.01760","0.57%"
"Feb 21, 2018","0.01760","0.01770","0.01770","0.01760","-0.56%"
"Feb 20, 2018","0.01770","0.01770","0.01770","0.01760","0.00%"
"Feb 19, 2018","0.01770","0.01770","0.01780","0.01770","0.00%"
"Feb 16, 2018","0.01770","0.01770","0.01780","0.01770","0.00%"
"Feb 15, 2018","0.01770","0.01760","0.01770","0.01760","0.57%"
"Feb 14, 2018","0.01760","0.01730","0.01760","0.01730","1.73%"
"Feb 13, 2018","0.01730","0.01730","0.01740","0.01720","0.00%"
"Feb 12, 2018","0.01730","0.01710","0.01730","0.01710","1.17%"
"Feb 09, 2018","0.01710","0.01710","0.01730","0.01700","0.00%"
"Feb 08, 2018","0.01710","0.01730","0.01740","0.01710","-1.16%"
"Feb 07, 2018","0.01730","0.01760","0.01760","0.01720","-1.70%"
"Feb 06, 2018","0.01760","0.01740","0.01760","0.01730","0.86%"
"Feb 05, 2018","0.01745","0.01775","0.01775","0.01745","-1.41%"
"Feb 02, 2018","0.01770","0.01790","0.01790","0.01770","-1.12%"
"Feb 01, 2018","0.01790","0.01780","0.01790","0.01770","0.56%"
"Jan 31, 2018","0.01780","0.01770","0.01780","0.01770","0.56%"
"Jan 30, 2018","0.01770","0.01770","0.01790","0.01770","-0.56%"
"Jan 29, 2018","0.01780","0.01780","0.01780","0.01770","0.00%"
"Jan 26, 2018","0.01780","0.01790","0.01790","0.01780","-0.56%"
"Jan 25, 2018","0.01790","0.01780","0.01800","0.01780","0.56%"
"Jan 24, 2018","0.01780","0.01770","0.01780","0.01770","0.56%"
"Jan 23, 2018","0.01770","0.01770","0.01780","0.01770","0.00%"
"Jan 22, 2018","0.01770","0.01760","0.01770","0.01760","0.57%"
"Jan 19, 2018","0.01760","0.01770","0.01770","0.01760","-0.56%"
"Jan 18, 2018","0.01770","0.01760","0.01770","0.01760","0.57%"
"Jan 17, 2018","0.01760","0.01770","0.01770","0.01760","-0.56%"
"Jan 16, 2018","0.01770","0.01780","0.01780","0.01770","-0.56%"
"Jan 15, 2018","0.01780","0.01770","0.01780","0.01760","0.56%"
"Jan 12, 2018","0.01770","0.01770","0.01770","0.01760","0.00%"
"Jan 11, 2018","0.01770","0.01750","0.01770","0.01750","1.14%"
"Jan 10, 2018","0.01750","0.01760","0.01760","0.01750","-0.57%"
"Jan 09, 2018","0.01760","0.01750","0.01760","0.01750","0.57%"
"Jan 08, 2018","0.01750","0.01750","0.01760","0.01750","-0.57%"
"Jan 05, 2018","0.01760","0.01760","0.01760","0.01750","0.00%"
"Jan 04, 2018","0.01760","0.01750","0.01760","0.01740","0.57%"
"Jan 03, 2018","0.01750","0.01740","0.01750","0.01730","0.57%"
"Jan 02, 2018","0.01740","0.01730","0.01750","0.01730","0.58%"
"Jan 01, 2018","0.01730","0.01730","0.01730","0.01730","0.00%"
"Dec 29, 2017","0.01730","0.01740","0.01740","0.01730","-0.57%"
"Dec 28, 2017","0.01740","0.01730","0.01740","0.01730","0.58%"
"Dec 27, 2017","0.01730","0.01730","0.01740","0.01730","0.00%"
"Dec 26, 2017","0.01730","0.01720","0.01740","0.01710","0.58%"
"Dec 25, 2017","0.01720","0.01710","0.01730","0.01710","0.58%"
"Dec 22, 2017","0.01710","0.01710","0.01720","0.01700","0.00%"
"Dec 21, 2017","0.01710","0.01700","0.01710","0.01700","0.59%"
"Dec 20, 2017","0.01700","0.01700","0.01710","0.01700","0.00%"
"Dec 19, 2017","0.01700","0.01700","0.01710","0.01700","-0.29%"
"Dec 18, 2017","0.01705","0.01705","0.01715","0.01705","0.29%"
"Dec 15, 2017","0.01700","0.01700","0.01700","0.01690","0.00%"
"Dec 14, 2017","0.01700","0.01710","0.01710","0.01700","-0.58%"
"Dec 13, 2017","0.01710","0.01690","0.01710","0.01690","1.18%"
"Dec 12, 2017","0.01690","0.01700","0.01700","0.01690","-0.59%"
"Dec 11, 2017","0.01700","0.01690","0.01700","0.01690","0.59%"
"Dec 08, 2017","0.01690","0.01690","0.01690","0.01680","0.00%"
"Dec 07, 2017","0.01690","0.01690","0.01690","0.01680","0.00%"
"Dec 06, 2017","0.01690","0.01700","0.01700","0.01690","-0.59%"
"Dec 05, 2017","0.01700","0.01700","0.01710","0.01700","0.00%"
"Dec 04, 2017","0.01700","0.01700","0.01700","0.01690","0.00%"
"Dec 01, 2017","0.01700","0.01710","0.01710","0.01690","-0.58%"
"Nov 30, 2017","0.01710","0.01700","0.01710","0.01700","0.29%"
"Nov 29, 2017","0.01705","0.01715","0.01725","0.01705","-0.29%"
"Nov 28, 2017","0.01710","0.01710","0.01720","0.01710","0.00%"
"Nov 27, 2017","0.01710","0.01710","0.01720","0.01710","0.00%"
"Nov 24, 2017","0.01710","0.01710","0.01720","0.01700","0.00%"
"Nov 23, 2017","0.01710","0.01710","0.01710","0.01710","0.00%"
"Nov 22, 2017","0.01710","0.01690","0.01710","0.01690","1.18%"
"Nov 21, 2017","0.01690","0.01680","0.01690","0.01680","0.60%"
"Nov 20, 2017","0.01680","0.01690","0.01690","0.01680","-0.59%"
"Nov 17, 2017","0.01690","0.01670","0.01690","0.01670","0.90%"
"Nov 16, 2017","0.01675","0.01665","0.01685","0.01665","0.90%"
"Nov 15, 2017","0.01660","0.01650","0.01670","0.01650","0.61%"
"Nov 14, 2017","0.01650","0.01680","0.01690","0.01650","-1.79%"
"Nov 13, 2017","0.01680","0.01690","0.01690","0.01680","-0.59%"
"Nov 10, 2017","0.01690","0.01690","0.01700","0.01680","0.00%"
"Nov 09, 2017","0.01690","0.01690","0.01690","0.01680","0.00%"
"Nov 08, 2017","0.01690","0.01680","0.01690","0.01680","0.30%"
"Nov 07, 2017","0.01685","0.01725","0.01725","0.01685","-1.75%"
"Nov 06, 2017","0.01715","0.01695","0.01725","0.01695","1.48%"
"Nov 03, 2017","0.01690","0.01720","0.01720","0.01690","-1.74%"
"Nov 02, 2017","0.01720","0.01720","0.01720","0.01710","0.00%"
"Nov 01, 2017","0.01720","0.01710","0.01720","0.01710","0.58%"
"Oct 31, 2017","0.01710","0.01720","0.01730","0.01710","-0.58%"
"Oct 30, 2017","0.01720","0.01720","0.01730","0.01720","0.00%"
"Oct 27, 2017","0.01720","0.01730","0.01730","0.01700","-0.58%"
"Oct 26, 2017","0.01730","0.01730","0.01740","0.01730","0.00%"
"Oct 25, 2017","0.01730","0.01730","0.01740","0.01730","-0.29%"
"Oct 24, 2017","0.01735","0.01745","0.01745","0.01735","-0.29%"
"Oct 23, 2017","0.01740","0.01740","0.01740","0.01730","0.00%"
"Oct 20, 2017","0.01740","0.01750","0.01750","0.01730","-0.57%"
"Oct 19, 2017","0.01750","0.01740","0.01750","0.01730","0.57%"
"Oct 18, 2017","0.01740","0.01740","0.01760","0.01740","0.00%"
"Oct 17, 2017","0.01740","0.01750","0.01750","0.01740","-0.57%"
"Oct 16, 2017","0.01750","0.01750","0.01750","0.01740","0.00%"
"Oct 13, 2017","0.01750","0.01730","0.01750","0.01730","1.16%"
"Oct 12, 2017","0.01730","0.01730","0.01740","0.01730","0.00%"
"Oct 11, 2017","0.01730","0.01730","0.01730","0.01720","0.29%"
"Oct 10, 2017","0.01725","0.01725","0.01735","0.01715","0.58%"
"Oct 09, 2017","0.01715","0.01725","0.01725","0.01715","-0.29%"
"Oct 06, 2017","0.01720","0.01730","0.01730","0.01720","-0.58%"
"Oct 05, 2017","0.01730","0.01730","0.01740","0.01730","0.00%"
"Oct 04, 2017","0.01730","0.01730","0.01740","0.01720","0.00%"
"Oct 03, 2017","0.01730","0.01730","0.01730","0.01720","0.00%"
"Oct 02, 2017","0.01730","0.01740","0.01740","0.01720","-0.57%"
"Sep 29, 2017","0.01740","0.01730","0.01740","0.01720","0.58%"
"Sep 28, 2017","0.01730","0.01720","0.01730","0.01710","0.58%"
"Sep 27, 2017","0.01720","0.01730","0.01730","0.01710","-0.58%"
"Sep 26, 2017","0.01730","0.01740","0.01740","0.01720","-0.57%"
"Sep 25, 2017","0.01740","0.01740","0.01750","0.01730","0.00%"
"Sep 22, 2017","0.01740","0.01720","0.01740","0.01720","0.87%"
"Sep 21, 2017","0.01725","0.01725","0.01735","0.01715","0.29%"
"Sep 20, 2017","0.01720","0.01720","0.01730","0.01710","0.00%"
"Sep 19, 2017","0.01720","0.01720","0.01730","0.01710","0.00%"
"Sep 18, 2017","0.01720","0.01730","0.01740","0.01720","-1.15%"
"Sep 15, 2017","0.01740","0.01740","0.01740","0.01730","0.00%"
"Sep 14, 2017","0.01740","0.01720","0.01740","0.01720","0.87%"
"Sep 13, 2017","0.01725","0.01735","0.01745","0.01725","-0.58%"
"Sep 12, 2017","0.01735","0.01755","0.01755","0.01735","-0.86%"
"Sep 11, 2017","0.01750","0.01740","0.01750","0.01740","0.57%"
"Sep 08, 2017","0.01740","0.01760","0.01760","0.01740","-1.14%"
"Sep 07, 2017","0.01760","0.01740","0.01760","0.01740","1.15%"
"Sep 06, 2017","0.01740","0.01740","0.01750","0.01730","0.00%"
"Sep 05, 2017","0.01740","0.01730","0.01750","0.01720","0.58%"
"Sep 04, 2017","0.01730","0.01730","0.01740","0.01720","-0.57%"
"Sep 01, 2017","0.01740","0.01720","0.01740","0.01720","1.16%"
"Aug 31, 2017","0.01720","0.01710","0.01720","0.01700","0.58%"
"Aug 30, 2017","0.01710","0.01700","0.01710","0.01700","0.59%"
"Aug 29, 2017","0.01700","0.01710","0.01710","0.01700","-0.58%"
"Aug 28, 2017","0.01710","0.01710","0.01710","0.01700","0.00%"
"Aug 25, 2017","0.01710","0.01690","0.01710","0.01690","1.18%"
"Aug 24, 2017","0.01690","0.01690","0.01690","0.01690","0.00%"
"Aug 23, 2017","0.01690","0.01690","0.01690","0.01690","0.00%"
"Aug 22, 2017","0.01690","0.01690","0.01700","0.01690","0.00%"
"Aug 21, 2017","0.01690","0.01700","0.01700","0.01690","-0.59%"
"Aug 18, 2017","0.01700","0.01690","0.01700","0.01680","0.59%"
"Aug 17, 2017","0.01690","0.01680","0.01700","0.01680","0.60%"
"Aug 16, 2017","0.01680","0.01670","0.01690","0.01670","0.30%"
"Aug 15, 2017","0.01675","0.01675","0.01685","0.01665","0.30%"
"Aug 14, 2017","0.01670","0.01670","0.01680","0.01670","0.00%"
"Aug 11, 2017","0.01670","0.01660","0.01670","0.01660","0.60%"
"Aug 10, 2017","0.01660","0.01660","0.01670","0.01660","0.00%"
"Aug 09, 2017","0.01660","0.01670","0.01670","0.01660","-0.60%"
"Aug 08, 2017","0.01670","0.01670","0.01670","0.01660","0.00%"
"Aug 07, 2017","0.01670","0.01670","0.01670","0.01660","0.00%"
"Aug 04, 2017","0.01670","0.01660","0.01670","0.01650","0.60%"
"Aug 03, 2017","0.01660","0.01650","0.01660","0.01640","0.61%"
"Aug 02, 2017","0.01650","0.01660","0.01660","0.01640","-0.60%"
"Aug 01, 2017","0.01660","0.01670","0.01670","0.01660","-0.60%"
"Jul 31, 2017","0.01670","0.01680","0.01680","0.01660","-0.60%"
"Jul 28, 2017","0.01680","0.01680","0.01680","0.01680","0.00%"
"Jul 27, 2017","0.01680","0.01680","0.01690","0.01680","0.00%"
"Jul 26, 2017","0.01680","0.01670","0.01680","0.01660","0.60%"
"Jul 25, 2017","0.01670","0.01670","0.01670","0.01660","0.00%"
"Jul 24, 2017","0.01670","0.01690","0.01690","0.01660","-1.18%"
"Jul 21, 2017","0.01690","0.01700","0.01700","0.01680","-0.59%"
"Jul 20, 2017","0.01700","0.01700","0.01700","0.01690","0.00%"
"Jul 19, 2017","0.01700","0.01690","0.01700","0.01680","0.59%"
"Jul 18, 2017","0.01690","0.01680","0.01700","0.01680","0.00%"
"Jul 17, 2017","0.01690","0.01690","0.01700","0.01680","0.00%"
"Jul 14, 2017","0.01690","0.01670","0.01690","0.01670","1.20%"
"Jul 13, 2017","0.01670","0.01670","0.01680","0.01660","0.00%"
"Jul 12, 2017","0.01670","0.01650","0.01670","0.01640","1.83%"
"Jul 11, 2017","0.01640","0.01660","0.01670","0.01640","-1.20%"
"Jul 10, 2017","0.01660","0.01650","0.01660","0.01650","0.00%"
"Jul 07, 2017","0.01660","0.01660","0.01660","0.01650","0.00%"
"Jul 06, 2017","0.01660","0.01670","0.01670","0.01650","-0.60%"
"Jul 05, 2017","0.01670","0.01680","0.01690","0.01660","-0.60%"
"Jul 04, 2017","0.01680","0.01690","0.01690","0.01680","-0.59%"
"Jul 03, 2017","0.01690","0.01700","0.01700","0.01680","-0.59%"
"Jun 30, 2017","0.01700","0.01680","0.01700","0.01680","1.19%"
"Jun 29, 2017","0.01680","0.01690","0.01700","0.01680","-0.59%"
"Jun 28, 2017","0.01690","0.01680","0.01690","0.01670","0.60%"
"Jun 27, 2017","0.01680","0.01700","0.01710","0.01680","-1.18%"
"Jun 26, 2017","0.01700","0.01680","0.01700","0.01680","1.19%"
"Jun 23, 2017","0.01680","0.01670","0.01690","0.01660","0.60%"
"Jun 22, 2017","0.01670","0.01660","0.01680","0.01660","0.60%"
"Jun 21, 2017","0.01660","0.01680","0.01690","0.01650","-1.19%"
"Jun 20, 2017","0.01680","0.01710","0.01720","0.01670","-1.75%"
"Jun 19, 2017","0.01710","0.01740","0.01740","0.01710","-1.16%"
"Jun 16, 2017","0.01730","0.01730","0.01740","0.01730","0.00%"
"Jun 15, 2017","0.01730","0.01740","0.01750","0.01730","-0.57%"
"Jun 14, 2017","0.01740","0.01750","0.01760","0.01740","-0.57%"
"Jun 13, 2017","0.01750","0.01750","0.01760","0.01750","0.00%"
"Jun 12, 2017","0.01750","0.01750","0.01760","0.01750","0.00%"
"Jun 09, 2017","0.01750","0.01760","0.01760","0.01750","-0.57%"
"Jun 08, 2017","0.01760","0.01750","0.01760","0.01750","0.57%"
"Jun 07, 2017","0.01750","0.01770","0.01770","0.01750","-1.13%"
"Jun 06, 2017","0.01770","0.01770","0.01770","0.01760","0.00%"
"Jun 05, 2017","0.01770","0.01760","0.01770","0.01760","0.57%"
"Jun 02, 2017","0.01760","0.01770","0.01790","0.01760","-0.56%"
"Jun 01, 2017","0.01770","0.01770","0.01780","0.01760","0.00%"
"May 31, 2017","0.01770","0.01770","0.01770","0.01760","0.00%"
"May 30, 2017","0.01770","0.01770","0.01770","0.01760","0.00%"
"May 29, 2017","0.01770","0.01750","0.01780","0.01750","0.00%"
"May 26, 2017","0.01770","0.01760","0.01770","0.01750","0.57%"
"May 25, 2017","0.01760","0.01770","0.01790","0.01750","-0.56%"
"May 24, 2017","0.01770","0.01770","0.01780","0.01770","0.00%"
"May 23, 2017","0.01770","0.01760","0.01780","0.01760","0.00%"
"May 22, 2017","0.01770","0.01760","0.01770","0.01760","0.57%"
"May 19, 2017","0.01760","0.01740","0.01760","0.01740","1.15%"
"May 18, 2017","0.01740","0.01750","0.01750","0.01720","-0.57%"
"May 17, 2017","0.01750","0.01770","0.01770","0.01750","-1.13%"
"May 16, 2017","0.01770","0.01770","0.01780","0.01760","0.00%"
"May 15, 2017","0.01770","0.01750","0.01790","0.01750","1.14%"
"May 12, 2017","0.01750","0.01750","0.01760","0.01740","0.00%"
"May 11, 2017","0.01750","0.01740","0.01760","0.01740","0.57%"
"May 10, 2017","0.01740","0.01710","0.01740","0.01710","1.75%"
"May 09, 2017","0.01710","0.01710","0.01720","0.01710","0.00%"
"May 08, 2017","0.01710","0.01730","0.01730","0.01710","-1.16%"
"May 05, 2017","0.01730","0.01710","0.01730","0.01700","1.17%"
"May 04, 2017","0.01710","0.01740","0.01750","0.01710","-1.72%"
"May 03, 2017","0.01740","0.01750","0.01760","0.01740","-0.57%"
"May 02, 2017","0.01750","0.01750","0.01760","0.01750","0.00%"
"May 01, 2017","0.01750","0.01760","0.01760","0.01750","0.00%"
"Apr 28, 2017","0.01750","0.01750","0.01770","0.01750","0.00%"
"Apr 27, 2017","0.01750","0.01750","0.01760","0.01750","0.00%"
"Apr 26, 2017","0.01750","0.01780","0.01780","0.01750","-1.69%"
"Apr 25, 2017","0.01780","0.01790","0.01800","0.01780","-0.56%"
"Apr 24, 2017","0.01790","0.01780","0.01790","0.01780","1.13%"
"Apr 21, 2017","0.01770","0.01780","0.01780","0.01770","-0.56%"
"Apr 20, 2017","0.01780","0.01770","0.01780","0.01760","0.56%"
"Apr 19, 2017","0.01770","0.01780","0.01780","0.01760","-0.56%"
"Apr 18, 2017","0.01780","0.01790","0.01790","0.01780","-0.56%"
"Apr 17, 2017","0.01790","0.01770","0.01790","0.01770","1.13%"
"Apr 14, 2017","0.01770","0.01780","0.01790","0.01770","-0.56%"
"Apr 13, 2017","0.01780","0.01760","0.01780","0.01760","0.56%"
"Apr 12, 2017","0.01770","0.01760","0.01770","0.01750","0.57%"
"Apr 11, 2017","0.01760","0.01750","0.01760","0.01740","0.57%"
"Apr 10, 2017","0.01750","0.01740","0.01750","0.01740","0.00%"
"Apr 07, 2017","0.01750","0.01770","0.01780","0.01750","-1.13%"
"Apr 06, 2017","0.01770","0.01770","0.01780","0.01770","0.00%"
"Apr 05, 2017","0.01770","0.01780","0.01800","0.01770","-0.56%"
"Apr 04, 2017","0.01780","0.01780","0.01780","0.01760","0.00%"
"Apr 03, 2017","0.01780","0.01780","0.01790","0.01770","0.00%"
"Mar 31, 2017","0.01780","0.01780","0.01790","0.01770","0.00%"
"Mar 30, 2017","0.01780","0.01770","0.01790","0.01760","0.56%"
"Mar 29, 2017","0.01770","0.01750","0.01770","0.01750","1.14%"
"Mar 28, 2017","0.01750","0.01760","0.01760","0.01750","-0.57%"
"Mar 27, 2017","0.01760","0.01760","0.01760","0.01750","0.00%"
"Mar 24, 2017","0.01760","0.01740","0.01760","0.01740","1.15%"
"Mar 23, 2017","0.01740","0.01730","0.01740","0.01730","0.58%"
"Mar 22, 2017","0.01730","0.01730","0.01740","0.01720","0.00%"
"Mar 21, 2017","0.01730","0.01740","0.01750","0.01730","-0.57%"
"Mar 20, 2017","0.01740","0.01740","0.01750","0.01730","-0.57%"
"Mar 17, 2017","0.01750","0.01730","0.01750","0.01720","1.16%"
"Mar 16, 2017","0.01730","0.01710","0.01740","0.01710","1.17%"
"Mar 15, 2017","0.01710","0.01690","0.01710","0.01680","1.18%"
"Mar 14, 2017","0.01690","0.01700","0.01700","0.01680","-0.59%"
"Mar 13, 2017","0.01700","0.01700","0.01700","0.01680","0.59%"
"Mar 10, 2017","0.01690","0.01690","0.01700","0.01680","0.00%"
"Mar 09, 2017","0.01690","0.01700","0.01700","0.01680","-0.59%"
"Mar 08, 2017","0.01700","0.01720","0.01720","0.01690","-1.16%"
"Mar 07, 2017","0.01720","0.01720","0.01730","0.01710","0.00%"
"Mar 06, 2017","0.01720","0.01720","0.01730","0.01710","0.00%"
"Mar 03, 2017","0.01720","0.01700","0.01720","0.01690","1.18%"
"Mar 02, 2017","0.01700","0.01720","0.01720","0.01700","-1.16%"
"Mar 01, 2017","0.01720","0.01710","0.01720","0.01710","0.58%"
"Feb 28, 2017","0.01710","0.01720","0.01740","0.01710","-0.58%"
"Feb 27, 2017","0.01720","0.01710","0.01740","0.01710","0.58%"
"Feb 24, 2017","0.01710","0.01730","0.01730","0.01710","-1.16%"
"Feb 23, 2017","0.01730","0.01720","0.01740","0.01720","0.58%"
"Feb 22, 2017","0.01720","0.01740","0.01740","0.01720","-1.15%"
"Feb 21, 2017","0.01740","0.01720","0.01740","0.01720","0.58%"
"Feb 20, 2017","0.01730","0.01710","0.01740","0.01710","1.17%"
"Feb 17, 2017","0.01710","0.01730","0.01740","0.01710","-1.72%"
"Feb 16, 2017","0.01740","0.01750","0.01750","0.01730","-0.57%"
"Feb 15, 2017","0.01750","0.01750","0.01770","0.01730","0.00%"
"Feb 14, 2017","0.01750","0.01720","0.01760","0.01720","1.16%"
"Feb 13, 2017","0.01730","0.01710","0.01740","0.01710","1.17%"
"Feb 10, 2017","0.01710","0.01700","0.01730","0.01690","0.59%"
"Feb 09, 2017","0.01700","0.01690","0.01700","0.01680","0.59%"
"Feb 08, 2017","0.01690","0.01680","0.01690","0.01680","0.60%"
"Feb 07, 2017","0.01680","0.01700","0.01700","0.01680","-1.18%"
"Feb 06, 2017","0.01700","0.01690","0.01710","0.01690","0.59%"
"Feb 03, 2017","0.01690","0.01680","0.01700","0.01680","0.00%"
"Feb 02, 2017","0.01690","0.01660","0.01710","0.01660","1.81%"
"Feb 01, 2017","0.01660","0.01660","0.01660","0.01650","0.00%"
"Jan 31, 2017","0.01660","0.01670","0.01670","0.01660","-0.60%"
"Jan 30, 2017","0.01670","0.01670","0.01680","0.01660","0.00%"
"Jan 27, 2017","0.01670","0.01650","0.01680","0.01650","0.60%"
"Jan 26, 2017","0.01660","0.01680","0.01680","0.01650","-1.19%"
"Jan 25, 2017","0.01680","0.01690","0.01690","0.01670","-0.59%"
"Jan 24, 2017","0.01690","0.01680","0.01690","0.01680","0.60%"
"Jan 23, 2017","0.01680","0.01670","0.01690","0.01670","0.00%"
"Jan 20, 2017","0.01680","0.01670","0.01680","0.01670","0.60%"
"Jan 19, 2017","0.01670","0.01680","0.01690","0.01660","-0.60%"
"Jan 18, 2017","0.01680","0.01680","0.01690","0.01680","0.00%"
"Jan 17, 2017","0.01680","0.01670","0.01700","0.01670","0.60%"
"Jan 16, 2017","0.01670","0.01670","0.01680","0.01670","-0.60%"
"Jan 13, 2017","0.01680","0.01680","0.01690","0.01670","-0.59%"
"Jan 12, 2017","0.01690","0.01670","0.01690","0.01670","0.60%"
"Jan 11, 2017","0.01680","0.01660","0.01690","0.01650","1.20%"
"Jan 10, 2017","0.01660","0.01660","0.01670","0.01660","0.00%"
"Jan 09, 2017","0.01660","0.01680","0.01680","0.01660","-1.19%"
"Jan 06, 2017","0.01680","0.01680","0.01690","0.01670","-0.59%"
"Jan 05, 2017","0.01690","0.01650","0.01690","0.01650","1.81%"
"Jan 04, 2017","0.01660","0.01640","0.01660","0.01630","1.22%"
"Jan 03, 2017","0.01640","0.01630","0.01660","0.01630","0.61%"
"Jan 02, 2017","0.01630","0.01630","0.01630","0.01620","0.00%"
"Dec 30, 2016","0.01630","0.01660","0.01660","0.01620","-1.81%"
"Dec 29, 2016","0.01660","0.01660","0.01660","0.01640","0.61%"
"Dec 28, 2016","0.01650","0.01650","0.01660","0.01640","0.00%"
"Dec 27, 2016","0.01650","0.01640","0.01650","0.01630","0.61%"
"Dec 26, 2016","0.01640","0.01640","0.01650","0.01630","0.61%"
"Dec 23, 2016","0.01630","0.01640","0.01650","0.01630","-0.61%"
"Dec 22, 2016","0.01640","0.01630","0.01650","0.01630","0.61%"
"Dec 21, 2016","0.01630","0.01630","0.01640","0.01620","0.00%"
"Dec 20, 2016","0.01630","0.01610","0.01630","0.01610","0.62%"
"Dec 19, 2016","0.01620","0.01610","0.01630","0.01610","0.62%"
"Dec 16, 2016","0.01610","0.01620","0.01630","0.01600","-0.62%"
"Dec 15, 2016","0.01620","0.01610","0.01630","0.01610","0.62%"
"Dec 14, 2016","0.01610","0.01650","0.01650","0.01600","-2.42%"
"Dec 13, 2016","0.01650","0.01640","0.01650","0.01630","0.61%"
"Dec 12, 2016","0.01640","0.01600","0.01650","0.01600","2.50%"
"Dec 09, 2016","0.01600","0.01580","0.01610","0.01570","1.27%"
"Dec 08, 2016","0.01580","0.01580","0.01580","0.01570","0.00%"
"Dec 07, 2016","0.01580","0.01570","0.01580","0.01560","0.64%"
"Dec 06, 2016","0.01570","0.01570","0.01580","0.01560","0.00%"
"Dec 05, 2016","0.01570","0.01560","0.01570","0.01550","0.64%"
"Dec 02, 2016","0.01560","0.01560","0.01570","0.01550","0.00%"
"Dec 01, 2016","0.01560","0.01560","0.01570","0.01550","0.00%"
"Nov 30, 2016","0.01560","0.01540","0.01560","0.01530","1.30%"
"Nov 29, 2016","0.01540","0.01540","0.01550","0.01530","-0.65%"
"Nov 28, 2016","0.01550","0.01550","0.01570","0.01530","0.65%"
"Nov 25, 2016","0.01540","0.01550","0.01550","0.01540","-0.65%"
"Nov 24, 2016","0.01550","0.01550","0.01560","0.01540","0.00%"
"Nov 23, 2016","0.01550","0.01570","0.01570","0.01540","-1.27%"
"Nov 22, 2016","0.01570","0.01560","0.01580","0.01560","0.64%"
"Nov 21, 2016","0.01560","0.01540","0.01570","0.01540","0.65%"
"Nov 18, 2016","0.01550","0.01540","0.01550","0.01530","0.65%"
"Nov 17, 2016","0.01540","0.01540","0.01560","0.01540","-0.65%"
"Nov 16, 2016","0.01550","0.01550","0.01570","0.01520","0.00%"
"Nov 15, 2016","0.01550","0.01510","0.01570","0.01510","1.97%"
"Nov 14, 2016","0.01520","0.01520","0.01540","0.01500","0.00%"
"Nov 11, 2016","0.01520","0.01530","0.01550","0.01510","0.00%"
"Nov 10, 2016","0.01520","0.01560","0.01580","0.01510","-3.18%"
"Nov 09, 2016","0.01570","0.01560","0.01580","0.01540","0.00%"
"Nov 08, 2016","0.01570","0.01570","0.01580","0.01560","0.00%"
"Nov 07, 2016","0.01570","0.01550","0.01570","0.01550","1.29%"
"Nov 04, 2016","0.01550","0.01570","0.01570","0.01550","-1.27%"
"Nov 03, 2016","0.01570","0.01580","0.01580","0.01570","-0.63%"
"Nov 02, 2016","0.01580","0.01580","0.01580","0.01570","0.00%"
"Nov 01, 2016","0.01580","0.01580","0.01590","0.01580","0.00%"
"Oct 31, 2016","0.01580","0.01590","0.01590","0.01580","-0.63%"
"Oct 28, 2016","0.01590","0.01600","0.01600","0.01580","0.00%"
"Oct 27, 2016","0.01590","0.01590","0.01600","0.01580","0.00%"
"Oct 26, 2016","0.01590","0.01610","0.01610","0.01590","-1.24%"
"Oct 25, 2016","0.01610","0.01610","0.01610","0.01600","0.00%"
"Oct 24, 2016","0.01610","0.01600","0.01610","0.01600","0.62%"
"Oct 21, 2016","0.01600","0.01600","0.01610","0.01600","0.00%"
"Oct 20, 2016","0.01600","0.01600","0.01610","0.01600","-0.62%"
"Oct 19, 2016","0.01610","0.01600","0.01610","0.01590","0.62%"
"Oct 18, 2016","0.01600","0.01580","0.01600","0.01580","1.27%"
"Oct 17, 2016","0.01580","0.01590","0.01590","0.01580","-0.63%"
"Oct 14, 2016","0.01590","0.01590","0.01590","0.01580","0.00%"
"Oct 13, 2016","0.01590","0.01580","0.01590","0.01570","0.00%"
"Oct 12, 2016","0.01590","0.01590","0.01610","0.01580","0.00%"
"Oct 11, 2016","0.01590","0.01610","0.01630","0.01590","-1.24%"
"Oct 10, 2016","0.01610","0.01610","0.01630","0.01600","0.00%"
"Oct 07, 2016","0.01610","0.01610","0.01610","0.01600","0.00%"
"Oct 06, 2016","0.01610","0.01600","0.01610","0.01600","0.62%"
"Oct 05, 2016","0.01600","0.01590","0.01610","0.01590","0.63%"
"Oct 04, 2016","0.01590","0.01600","0.01610","0.01590","-0.62%"
"Oct 03, 2016","0.01600","0.01590","0.01610","0.01580","0.63%"
"Sep 30, 2016","0.01590","0.01590","0.01600","0.01570","0.00%"
"Sep 29, 2016","0.01590","0.01590","0.01590","0.01580","0.00%"
"Sep 28, 2016","0.01590","0.01570","0.01590","0.01550","1.27%"
"Sep 27, 2016","0.01570","0.01560","0.01570","0.01560","0.00%"
"Sep 26, 2016","0.01570","0.01560","0.01570","0.01550","0.64%"
"Sep 23, 2016","0.01560","0.01570","0.01580","0.01560","-0.64%"
"Sep 22, 2016","0.01570","0.01560","0.01570","0.01560","0.64%"
"Sep 21, 2016","0.01560","0.01540","0.01580","0.01540","0.65%"
"Sep 20, 2016","0.01550","0.01550","0.01550","0.01540","0.00%"
"Sep 19, 2016","0.01550","0.01530","0.01550","0.01530","1.31%"
"Sep 16, 2016","0.01530","0.01540","0.01550","0.01530","-1.29%"
"Sep 15, 2016","0.01550","0.01530","0.01550","0.01530","1.31%"
"Sep 14, 2016","0.01530","0.01530","0.01540","0.01520","0.00%"
"Sep 13, 2016","0.01530","0.01550","0.01550","0.01530","-1.29%"
"Sep 12, 2016","0.01550","0.01540","0.01550","0.01530","0.00%"
"Sep 09, 2016","0.01550","0.01560","0.01560","0.01540","-0.64%"
"Sep 08, 2016","0.01560","0.01560","0.01570","0.01550","0.00%"
"Sep 07, 2016","0.01560","0.01550","0.01560","0.01550","0.65%"
"Sep 06, 2016","0.01550","0.01540","0.01550","0.01530","0.65%"
"Sep 05, 2016","0.01540","0.01530","0.01550","0.01530","0.65%"
"Sep 02, 2016","0.01530","0.01510","0.01550","0.01510","0.66%"
"Sep 01, 2016","0.01520","0.01530","0.01530","0.01510","-0.65%"
"Aug 31, 2016","0.01530","0.01530","0.01540","0.01530","0.00%"
"Aug 30, 2016","0.01530","0.01540","0.01550","0.01530","-0.65%"
"Aug 29, 2016","0.01540","0.01540","0.01550","0.01530","-0.65%"
"Aug 26, 2016","0.01550","0.01540","0.01560","0.01540","0.65%"
"Aug 25, 2016","0.01540","0.01530","0.01550","0.01530","0.65%"
"Aug 24, 2016","0.01530","0.01550","0.01550","0.01530","-1.29%"
"Aug 23, 2016","0.01550","0.01540","0.01560","0.01540","0.65%"
"Aug 22, 2016","0.01540","0.01560","0.01560","0.01540","-1.28%"
"Aug 19, 2016","0.01560","0.01570","0.01580","0.01560","-0.64%"
"Aug 18, 2016","0.01570","0.01560","0.01580","0.01560","0.00%"
"Aug 17, 2016","0.01570","0.01560","0.01570","0.01550","0.00%"
"Aug 16, 2016","0.01570","0.01560","0.01570","0.01550","0.64%"
"Aug 15, 2016","0.01560","0.01540","0.01560","0.01540","1.30%"
"Aug 12, 2016","0.01540","0.01550","0.01560","0.01540","-0.65%"
"Aug 11, 2016","0.01550","0.01540","0.01560","0.01530","0.65%"
"Aug 10, 2016","0.01540","0.01540","0.01560","0.01540","0.00%"
"Aug 09, 2016","0.01540","0.01550","0.01550","0.01530","-0.65%"
"Aug 08, 2016","0.01550","0.01520","0.01550","0.01520","1.31%"
"Aug 05, 2016","0.01530","0.01520","0.01540","0.01510","0.66%"
"Aug 04, 2016","0.01520","0.01510","0.01520","0.01500","0.66%"
"Aug 03, 2016","0.01510","0.01500","0.01520","0.01490","0.67%"
"Aug 02, 2016","0.01500","0.01490","0.01510","0.01490","0.67%"
"Aug 01, 2016","0.01490","0.01520","0.01520","0.01490","-1.97%"
"Jul 29, 2016","0.01520","0.01500","0.01520","0.01490","1.33%"
"Jul 28, 2016","0.01500","0.01520","0.01520","0.01500","-1.32%"
"Jul 27, 2016","0.01520","0.01520","0.01520","0.01500","0.00%"
"Jul 26, 2016","0.01520","0.01530","0.01530","0.01500","-0.65%"
"Jul 25, 2016","0.01530","0.01540","0.01540","0.01520","-0.65%"
"Jul 22, 2016","0.01540","0.01560","0.01560","0.01540","-0.65%"
"Jul 21, 2016","0.01550","0.01570","0.01580","0.01550","-0.64%"
"Jul 20, 2016","0.01560","0.01570","0.01590","0.01560","-0.64%"
"Jul 19, 2016","0.01570","0.01590","0.01590","0.01570","-1.26%"
"Jul 18, 2016","0.01590","0.01570","0.01590","0.01560","0.63%"
"Jul 15, 2016","0.01580","0.01590","0.01600","0.01570","-0.63%"
"Jul 14, 2016","0.01590","0.01560","0.01590","0.01560","1.92%"
"Jul 13, 2016","0.01560","0.01570","0.01570","0.01560","-0.64%"
"Jul 12, 2016","0.01570","0.01560","0.01570","0.01550","0.64%"
"Jul 11, 2016","0.01560","0.01560","0.01570","0.01550","0.00%"
"Jul 08, 2016","0.01560","0.01550","0.01580","0.01550","0.65%"
"Jul 07, 2016","0.01550","0.01550","0.01570","0.01540","0.00%"
"Jul 06, 2016","0.01550","0.01550","0.01560","0.01540","0.00%"
"Jul 05, 2016","0.01550","0.01560","0.01570","0.01550","-0.64%"
"Jul 04, 2016","0.01560","0.01570","0.01580","0.01560","-0.64%"
"Jul 01, 2016","0.01570","0.01560","0.01570","0.01560","0.64%"
"Jun 30, 2016","0.01560","0.01570","0.01580","0.01550","-0.64%"
"Jun 29, 2016","0.01570","0.01550","0.01570","0.01550","1.29%"
"Jun 28, 2016","0.01550","0.01530","0.01560","0.01500","1.97%"
"Jun 27, 2016","0.01520","0.01530","0.01550","0.01510","-0.65%"
"Jun 24, 2016","0.01530","0.01570","0.01580","0.01490","-2.55%"
"Jun 23, 2016","0.01570","0.01550","0.01570","0.01540","1.29%"
"Jun 22, 2016","0.01550","0.01560","0.01570","0.01530","-0.64%"
"Jun 21, 2016","0.01560","0.01560","0.01580","0.01550","0.00%"
"Jun 20, 2016","0.01560","0.01540","0.01570","0.01540","1.30%"
"Jun 17, 2016","0.01540","0.01520","0.01550","0.01520","1.32%"
"Jun 16, 2016","0.01520","0.01530","0.01530","0.01510","-0.65%"
"Jun 15, 2016","0.01530","0.01510","0.01540","0.01510","1.32%"
"Jun 14, 2016","0.01510","0.01520","0.01530","0.01510","-0.66%"
"Jun 13, 2016","0.01520","0.01530","0.01530","0.01510","-0.65%"
"Jun 10, 2016","0.01530","0.01550","0.01560","0.01530","-1.29%"
"Jun 09, 2016","0.01550","0.01570","0.01590","0.01550","-1.27%"
"Jun 08, 2016","0.01570","0.01550","0.01580","0.01540","1.29%"
"Jun 07, 2016","0.01550","0.01530","0.01550","0.01520","1.31%"
"Jun 06, 2016","0.01530","0.01520","0.01540","0.01510","0.66%"
"Jun 03, 2016","0.01520","0.01490","0.01520","0.01490","2.01%"
"Jun 02, 2016","0.01490","0.01490","0.01500","0.01480","0.00%"
"Jun 01, 2016","0.01490","0.01500","0.01510","0.01480","-0.67%"
"May 31, 2016","0.01500","0.01520","0.01520","0.01490","-1.32%"
"May 30, 2016","0.01520","0.01520","0.01520","0.01510","0.00%"
"May 27, 2016","0.01520","0.01520","0.01520","0.01500","0.00%"
"May 26, 2016","0.01520","0.01530","0.01540","0.01510","-0.65%"
"May 25, 2016","0.01530","0.01520","0.01530","0.01510","0.66%"
"May 24, 2016","0.01520","0.01490","0.01520","0.01490","1.33%"
"May 23, 2016","0.01500","0.01500","0.01500","0.01490","0.67%"
"May 20, 2016","0.01490","0.01500","0.01520","0.01490","-0.67%"
"May 19, 2016","0.01500","0.01520","0.01520","0.01480","-1.32%"
"May 18, 2016","0.01520","0.01540","0.01550","0.01510","-1.30%"
"May 17, 2016","0.01540","0.01540","0.01550","0.01540","0.00%"
"May 16, 2016","0.01540","0.01530","0.01550","0.01520","0.65%"
"May 13, 2016","0.01530","0.01540","0.01550","0.01520","-1.29%"
"May 12, 2016","0.01550","0.01540","0.01550","0.01520","0.65%"
"May 11, 2016","0.01540","0.01510","0.01540","0.01510","1.99%"
"May 10, 2016","0.01510","0.01500","0.01510","0.01500","0.67%"
"May 09, 2016","0.01500","0.01520","0.01530","0.01500","-1.32%"
"May 06, 2016","0.01520","0.01520","0.01530","0.01500","0.00%"
"May 05, 2016","0.01520","0.01500","0.01530","0.01500","1.33%"
"May 04, 2016","0.01500","0.01500","0.01520","0.01490","-0.66%"
"May 03, 2016","0.01510","0.01530","0.01550","0.01490","-1.31%"
"May 02, 2016","0.01530","0.01540","0.01550","0.01530","-1.29%"
"Apr 29, 2016","0.01550","0.01550","0.01560","0.01540","0.65%"
"Apr 28, 2016","0.01540","0.01540","0.01560","0.01530","0.65%"
"Apr 27, 2016","0.01530","0.01540","0.01540","0.01510","0.00%"
"Apr 26, 2016","0.01530","0.01500","0.01530","0.01490","2.00%"
"Apr 25, 2016","0.01500","0.01500","0.01520","0.01490","-0.66%"
"Apr 22, 2016","0.01510","0.01500","0.01530","0.01490","0.67%"
"Apr 21, 2016","0.01500","0.01530","0.01550","0.01490","-2.60%"
"Apr 20, 2016","0.01540","0.01520","0.01540","0.01490","1.32%"
"Apr 19, 2016","0.01520","0.01510","0.01530","0.01500","0.66%"
"Apr 18, 2016","0.01510","0.01480","0.01510","0.01450","0.00%"
"Apr 15, 2016","0.01510","0.01520","0.01520","0.01500","-0.66%"
"Apr 14, 2016","0.01520","0.01510","0.01520","0.01500","0.66%"
"Apr 13, 2016","0.01510","0.01520","0.01530","0.01500","-0.66%"
"Apr 12, 2016","0.01520","0.01500","0.01530","0.01490","1.33%"
"Apr 11, 2016","0.01500","0.01490","0.01510","0.01480","0.67%"
"Apr 08, 2016","0.01490","0.01470","0.01490","0.01460","1.36%"
"Apr 07, 2016","0.01470","0.01480","0.01480","0.01460","-0.68%"
"Apr 06, 2016","0.01480","0.01460","0.01480","0.01450","1.37%"
"Apr 05, 2016","0.01460","0.01460","0.01460","0.01440","0.00%"
"Apr 04, 2016","0.01460","0.01460","0.01480","0.01450","-1.35%"
"Apr 01, 2016","0.01480","0.01500","0.01500","0.01460","-0.67%"
"Mar 31, 2016","0.01490","0.01460","0.01500","0.01460","2.05%"
"Mar 30, 2016","0.01460","0.01460","0.01490","0.01460","0.00%"
"Mar 29, 2016","0.01460","0.01450","0.01470","0.01440","0.00%"
"Mar 28, 2016","0.01460","0.01460","0.01490","0.01450","0.00%"
"Mar 25, 2016","0.01460","0.01450","0.01470","0.01450","0.69%"
"Mar 24, 2016","0.01450","0.01460","0.01460","0.01430","-0.68%"
"Mar 23, 2016","0.01460","0.01480","0.01490","0.01450","-2.01%"
"Mar 22, 2016","0.01490","0.01470","0.01490","0.01460","1.36%"
"Mar 21, 2016","0.01470","0.01460","0.01480","0.01450","0.68%"
"Mar 18, 2016","0.01460","0.01460","0.01490","0.01450","-0.68%"
"Mar 17, 2016","0.01470","0.01450","0.01470","0.01440","2.08%"
"Mar 16, 2016","0.01440","0.01410","0.01450","0.01400","2.13%"
"Mar 15, 2016","0.01410","0.01430","0.01430","0.01400","-1.40%"
"Mar 14, 2016","0.01430","0.01430","0.01440","0.01410","0.00%"
"Mar 11, 2016","0.01430","0.01400","0.01440","0.01400","2.14%"
"Mar 10, 2016","0.01400","0.01410","0.01430","0.01390","-0.71%"
"Mar 09, 2016","0.01410","0.01370","0.01410","0.01360","2.92%"
"Mar 08, 2016","0.01370","0.01400","0.01400","0.01370","-2.14%"
"Mar 07, 2016","0.01400","0.01390","0.01410","0.01380","0.72%"
"Mar 04, 2016","0.01390","0.01370","0.01390","0.01360","1.46%"
"Mar 03, 2016","0.01370","0.01360","0.01370","0.01350","0.74%"
"Mar 02, 2016","0.01360","0.01360","0.01380","0.01350","0.00%"
"Mar 01, 2016","0.01360","0.01330","0.01370","0.01330","2.26%"
"Feb 29, 2016","0.01330","0.01320","0.01340","0.01310","1.53%"
"Feb 26, 2016","0.01310","0.01330","0.01340","0.01310","-1.50%"
"Feb 25, 2016","0.01330","0.01320","0.01330","0.01300","0.76%"
"Feb 24, 2016","0.01320","0.01310","0.01320","0.01290","0.76%"
"Feb 23, 2016","0.01310","0.01330","0.01340","0.01310","-1.50%"
"Feb 22, 2016","0.01330","0.01300","0.01330","0.01290","2.31%"
"Feb 19, 2016","0.01300","0.01300","0.01310","0.01280","0.00%"
"Feb 18, 2016","0.01300","0.01330","0.01340","0.01300","-2.26%"
"Feb 17, 2016","0.01330","0.01280","0.01340","0.01280","3.91%"
"Feb 16, 2016","0.01280","0.01300","0.01320","0.01280","-1.54%"
"Feb 15, 2016","0.01300","0.01270","0.01300","0.01270","1.56%"
"Feb 12, 2016","0.01280","0.01250","0.01280","0.01250","2.40%"
"Feb 11, 2016","0.01250","0.01260","0.01270","0.01240","-0.79%"
"Feb 10, 2016","0.01260","0.01250","0.01290","0.01250","0.80%"
"Feb 09, 2016","0.01250","0.01290","0.01290","0.01250","-2.34%"
"Feb 08, 2016","0.01280","0.01290","0.01310","0.01260","-0.78%"
"Feb 05, 2016","0.01290","0.01300","0.01310","0.01290","-0.77%"
"Feb 04, 2016","0.01300","0.01300","0.01320","0.01290","0.00%"
"Feb 03, 2016","0.01300","0.01250","0.01300","0.01250","4.00%"
"Feb 02, 2016","0.01250","0.01290","0.01300","0.01250","-3.10%"
"Feb 01, 2016","0.01290","0.01320","0.01330","0.01290","-2.27%"
"Jan 29, 2016","0.01320","0.01310","0.01350","0.01300","0.76%"
"Jan 28, 2016","0.01310","0.01280","0.01320","0.01280","2.34%"
"Jan 27, 2016","0.01280","0.01270","0.01300","0.01260","0.79%"
"Jan 26, 2016","0.01270","0.01250","0.01290","0.01210","1.60%"
"Jan 25, 2016","0.01250","0.01280","0.01300","0.01250","-2.34%"
"Jan 22, 2016","0.01280","0.01210","0.01280","0.01210","5.79%"
"Jan 21, 2016","0.01210","0.01230","0.01230","0.01160","-1.63%"
"Jan 20, 2016","0.01230","0.01270","0.01270","0.01210","-3.15%"
"Jan 19, 2016","0.01270","0.01260","0.01280","0.01260","0.79%"
"Jan 18, 2016","0.01260","0.01290","0.01290","0.01260","-2.33%"
"Jan 15, 2016","0.01290","0.01310","0.01310","0.01280","-1.53%"
"Jan 14, 2016","0.01310","0.01300","0.01320","0.01290","0.77%"
"Jan 13, 2016","0.01300","0.01300","0.01330","0.01290","0.00%"
"Jan 12, 2016","0.01300","0.01310","0.01320","0.01290","-0.76%"
"Jan 11, 2016","0.01310","0.01330","0.01340","0.01310","-2.24%"
"Jan 08, 2016","0.01340","0.01340","0.01360","0.01330","0.75%"
"Jan 07, 2016","0.01330","0.01340","0.01350","0.01310","-0.75%"
"Jan 06, 2016","0.01340","0.01360","0.01370","0.01330","-1.47%"
"Jan 05, 2016","0.01360","0.01370","0.01380","0.01360","-1.45%"
"Jan 04, 2016","0.01380","0.01360","0.01380","0.01360","0.73%"
"Jan 01, 2016","0.01370","0.01370","0.01370","0.01370","0.00%"
"Dec 31, 2015","0.01370","0.01360","0.01370","0.01340","0.74%"
"Dec 30, 2015","0.01360","0.01380","0.01390","0.01360","-1.45%"
"Dec 29, 2015","0.01380","0.01380","0.01390","0.01370","0.00%"
"Dec 28, 2015","0.01380","0.01420","0.01430","0.01380","-2.13%"
"Dec 25, 2015","0.01410","0.01420","0.01440","0.01410","-0.70%"
"Dec 24, 2015","0.01420","0.01440","0.01440","0.01410","-0.70%"
"Dec 23, 2015","0.01430","0.01400","0.01440","0.01400","2.14%"
"Dec 22, 2015","0.01400","0.01400","0.01410","0.01400","0.00%"
"Dec 21, 2015","0.01400","0.01400","0.01410","0.01400","-0.71%"
"Dec 18, 2015","0.01410","0.01400","0.01420","0.01400","0.71%"
"Dec 17, 2015","0.01400","0.01420","0.01420","0.01400","-1.41%"
"Dec 16, 2015","0.01420","0.01430","0.01440","0.01410","-0.70%"
"Dec 15, 2015","0.01430","0.01420","0.01440","0.01410","0.70%"
"Dec 14, 2015","0.01420","0.01430","0.01430","0.01400","0.00%"
"Dec 11, 2015","0.01420","0.01450","0.01460","0.01410","-3.40%"
"Dec 10, 2015","0.01470","0.01430","0.01470","0.01430","2.80%"
"Dec 09, 2015","0.01430","0.01440","0.01460","0.01430","-0.69%"
"Dec 08, 2015","0.01440","0.01450","0.01450","0.01430","-0.69%"
"Dec 07, 2015","0.01450","0.01470","0.01470","0.01430","-1.36%"
"Dec 04, 2015","0.01470","0.01480","0.01490","0.01460","-0.68%"
"Dec 03, 2015","0.01480","0.01480","0.01490","0.01460","0.00%"
"Dec 02, 2015","0.01480","0.01500","0.01500","0.01480","-1.33%"
"Dec 01, 2015","0.01500","0.01510","0.01510","0.01490","-0.66%"
"Nov 30, 2015","0.01510","0.01500","0.01520","0.01490","0.00%"
"Nov 27, 2015","0.01510","0.01520","0.01530","0.01500","-0.66%"
"Nov 26, 2015","0.01520","0.01520","0.01530","0.01510","0.00%"
"Nov 25, 2015","0.01520","0.01530","0.01540","0.01510","-0.65%"
"Nov 24, 2015","0.01530","0.01520","0.01530","0.01500","0.66%"
"Nov 23, 2015","0.01520","0.01540","0.01550","0.01510","-1.94%"
"Nov 20, 2015","0.01550","0.01550","0.01550","0.01540","0.00%"
"Nov 19, 2015","0.01550","0.01540","0.01550","0.01530","0.65%"
"Nov 18, 2015","0.01540","0.01530","0.01550","0.01520","0.65%"
"Nov 17, 2015","0.01530","0.01530","0.01560","0.01520","0.00%"
"Nov 16, 2015","0.01530","0.01500","0.01540","0.01490","2.68%"
"Nov 13, 2015","0.01490","0.01500","0.01520","0.01490","-0.67%"
"Nov 12, 2015","0.01500","0.01530","0.01540","0.01490","-1.96%"
"Nov 11, 2015","0.01530","0.01550","0.01560","0.01520","-1.29%"
"Nov 10, 2015","0.01550","0.01550","0.01560","0.01540","0.00%"
"Nov 09, 2015","0.01550","0.01550","0.01560","0.01540","0.00%"
"Nov 06, 2015","0.01550","0.01580","0.01590","0.01540","-1.90%"
"Nov 05, 2015","0.01580","0.01580","0.01590","0.01560","0.00%"
"Nov 04, 2015","0.01580","0.01600","0.01600","0.01580","-1.25%"
"Nov 03, 2015","0.01600","0.01570","0.01600","0.01560","1.91%"
"Nov 02, 2015","0.01570","0.01560","0.01580","0.01550","0.64%"
"Oct 30, 2015","0.01560","0.01560","0.01570","0.01550","0.65%"
"Oct 29, 2015","0.01550","0.01560","0.01590","0.01540","-0.64%"
"Oct 28, 2015","0.01560","0.01530","0.01590","0.01530","1.96%"
"Oct 27, 2015","0.01530","0.01590","0.01590","0.01530","-3.77%"
"Oct 26, 2015","0.01590","0.01600","0.01610","0.01580","-1.24%"
"Oct 23, 2015","0.01610","0.01590","0.01620","0.01590","0.62%"
"Oct 22, 2015","0.01600","0.01600","0.01600","0.01580","0.00%"
"Oct 21, 2015","0.01600","0.01610","0.01620","0.01580","-0.62%"
"Oct 20, 2015","0.01610","0.01600","0.01630","0.01590","0.62%"
"Oct 19, 2015","0.01600","0.01620","0.01640","0.01590","-1.84%"
"Oct 16, 2015","0.01630","0.01630","0.01650","0.01610","0.00%"
"Oct 15, 2015","0.01630","0.01590","0.01630","0.01590","2.52%"
"Oct 14, 2015","0.01590","0.01590","0.01610","0.01570","0.00%"
"Oct 13, 2015","0.01590","0.01620","0.01630","0.01580","-1.85%"
"Oct 12, 2015","0.01620","0.01630","0.01640","0.01600","0.00%"
"Oct 09, 2015","0.01620","0.01630","0.01650","0.01610","-0.61%"
"Oct 08, 2015","0.01630","0.01620","0.01630","0.01580","0.62%"
"Oct 07, 2015","0.01620","0.01580","0.01620","0.01570","2.53%"
"Oct 06, 2015","0.01580","0.01550","0.01590","0.01530","1.94%"
"Oct 05, 2015","0.01550","0.01510","0.01550","0.01510","2.65%"
"Oct 02, 2015","0.01510","0.01530","0.01530","0.01500","-1.31%"
"Oct 01, 2015","0.01530","0.01530","0.01540","0.01520","0.00%"
"Sep 30, 2015","0.01530","0.01510","0.01530","0.01510","1.32%"
"Sep 29, 2015","0.01510","0.01510","0.01530","0.01500","0.00%"
"Sep 28, 2015","0.01510","0.01530","0.01530","0.01500","-1.31%"
"Sep 25, 2015","0.01530","0.01510","0.01530","0.01510","1.32%"
"Sep 24, 2015","0.01510","0.01500","0.01520","0.01490","0.67%"
"Sep 23, 2015","0.01500","0.01510","0.01530","0.01490","-1.32%"
"Sep 22, 2015","0.01520","0.01510","0.01520","0.01500","0.66%"
"Sep 21, 2015","0.01510","0.01500","0.01520","0.01500","0.00%"
"Sep 18, 2015","0.01510","0.01530","0.01550","0.01500","-1.31%"
"Sep 17, 2015","0.01530","0.01520","0.01540","0.01510","0.66%"
"Sep 16, 2015","0.01520","0.01500","0.01550","0.01490","1.33%"
"Sep 15, 2015","0.01500","0.01480","0.01500","0.01450","1.35%"
"Sep 14, 2015","0.01480","0.01470","0.01490","0.01470","0.68%"
"Sep 11, 2015","0.01470","0.01480","0.01500","0.01460","-0.68%"
"Sep 10, 2015","0.01480","0.01470","0.01480","0.01450","1.37%"
"Sep 09, 2015","0.01460","0.01470","0.01490","0.01460","-0.68%"
"Sep 08, 2015","0.01470","0.01450","0.01480","0.01440","1.38%"
"Sep 07, 2015","0.01450","0.01480","0.01480","0.01440","-0.68%"
"Sep 04, 2015","0.01460","0.01500","0.01500","0.01460","-3.31%"
"Sep 03, 2015","0.01510","0.01490","0.01520","0.01480","1.34%"
"Sep 02, 2015","0.01490","0.01510","0.01510","0.01470","-1.32%"
"Sep 01, 2015","0.01510","0.01570","0.01570","0.01490","-3.82%"
"Aug 31, 2015","0.01570","0.01530","0.01570","0.01480","2.61%"
"Aug 28, 2015","0.01530","0.01510","0.01540","0.01480","1.32%"
"Aug 27, 2015","0.01510","0.01450","0.01520","0.01450","4.14%"
"Aug 26, 2015","0.01450","0.01440","0.01460","0.01430","0.00%"
"Aug 25, 2015","0.01450","0.01410","0.01470","0.01400","2.84%"
"Aug 24, 2015","0.01410","0.01450","0.01450","0.01390","-2.76%"
"Aug 21, 2015","0.01450","0.01470","0.01480","0.01440","-1.36%"
"Aug 20, 2015","0.01470","0.01500","0.01500","0.01470","-2.00%"
"Aug 19, 2015","0.01500","0.01520","0.01530","0.01500","-1.32%"
"Aug 18, 2015","0.01520","0.01530","0.01540","0.01510","-0.65%"
"Aug 17, 2015","0.01530","0.01530","0.01540","0.01520","-0.65%"
"Aug 14, 2015","0.01540","0.01540","0.01550","0.01530","0.00%"
"Aug 13, 2015","0.01540","0.01550","0.01570","0.01530","-0.65%"
"Aug 12, 2015","0.01550","0.01560","0.01560","0.01530","-0.64%"
"Aug 11, 2015","0.01560","0.01590","0.01590","0.01550","-1.89%"
"Aug 10, 2015","0.01590","0.01560","0.01590","0.01540","1.92%"
"Aug 07, 2015","0.01560","0.01560","0.01580","0.01540","0.00%"
"Aug 06, 2015","0.01560","0.01570","0.01580","0.01540","-1.27%"
"Aug 05, 2015","0.01580","0.01590","0.01610","0.01560","-0.63%"
"Aug 04, 2015","0.01590","0.01570","0.01600","0.01560","1.27%"
"Aug 03, 2015","0.01570","0.01620","0.01620","0.01570","-3.09%"
"Jul 31, 2015","0.01620","0.01670","0.01680","0.01620","-2.99%"
"Jul 30, 2015","0.01670","0.01710","0.01710","0.01670","-2.34%"
"Jul 29, 2015","0.01710","0.01670","0.01710","0.01650","2.40%"
"Jul 28, 2015","0.01670","0.01670","0.01680","0.01640","0.00%"
"Jul 27, 2015","0.01670","0.01710","0.01710","0.01670","-2.34%"
"Jul 24, 2015","0.01710","0.01720","0.01730","0.01700","-1.16%"
"Jul 23, 2015","0.01730","0.01750","0.01760","0.01720","-1.70%"
"Jul 22, 2015","0.01760","0.01750","0.01760","0.01730","0.00%"
"Jul 21, 2015","0.01760","0.01750","0.01760","0.01740","0.57%"
"Jul 20, 2015","0.01750","0.01750","0.01760","0.01740","-0.57%"
"Jul 17, 2015","0.01760","0.01750","0.01760","0.01750","0.00%"
"Jul 16, 2015","0.01760","0.01760","0.01770","0.01750","0.00%"
"Jul 15, 2015","0.01760","0.01770","0.01780","0.01750","-0.56%"
"Jul 14, 2015","0.01770","0.01770","0.01770","0.01740","0.00%"
"Jul 13, 2015","0.01770","0.01770","0.01780","0.01760","-0.56%"
"Jul 10, 2015","0.01780","0.01750","0.01780","0.01740","1.71%"
"Jul 09, 2015","0.01750","0.01740","0.01770","0.01730","0.57%"
"Jul 08, 2015","0.01740","0.01760","0.01760","0.01730","-1.14%"
"Jul 07, 2015","0.01760","0.01760","0.01770","0.01730","0.00%"
"Jul 06, 2015","0.01760","0.01780","0.01790","0.01750","-1.68%"
"Jul 03, 2015","0.01790","0.01800","0.01810","0.01770","-0.56%"
"Jul 02, 2015","0.01800","0.01790","0.01810","0.01780","0.56%"
"Jul 01, 2015","0.01790","0.01810","0.01810","0.01790","-1.10%"